{"schemaVersion":"1.0","appDefinitionTemplate":{"id":"/providers/Microsoft.PowerApps/apps/","type":"Microsoft.PowerApps/apps","tags":{"primaryDeviceWidth":"1366","primaryDeviceHeight":"768","sienaVersion":"20200429T020427Z-3.20023.8.0","deviceCapabilities":"","supportsPortrait":"false","supportsLandscape":"true","primaryFormFactor":"Tablet","publisherVersion":"3.20023.8","minimumRequiredApiVersion":"2.2.0","hasComponent":"true","hasUnlockedComponent":"true"},"properties":{"appVersion":"2020-04-29T02:04:27Z","lifeCycleId":"Published","createdByClientVersion":{"major":3,"minor":20023,"build":8,"revision":0,"majorRevision":0,"minorRevision":0},"minClientVersion":{"major":3,"minor":20023,"build":8,"revision":0,"majorRevision":0,"minorRevision":0},"backgroundColor":"rgba(104, 101, 171, 1)","backgroundImageUri":"/3558568217817822139/Nca0f3886-798f-4850-88cc-ec25d9a33782-logoSmallFile","displayName":"Virtual Rounding","description":"","commitMessage":"","appUris":{"documentUri":{"value":"/3558568217817822139/N21c76aae-5f46-41da-b1bd-db6b4aab1c92-document.msapp","readonlyValue":"/3558568217817822139/N21c76aae-5f46-41da-b1bd-db6b4aab1c92-document.msapp"},"imageUris":[]},"createdTime":"0001-01-01T00:00:00Z","lastModifiedTime":"0001-01-01T00:00:00Z","sharedGroupsCount":0,"sharedUsersCount":0,"icons":{"smallIconUri":"/3558568217817822139/N0ed8e43f-7fe5-4dd2-b0ae-2cc5c765d422-small.png","mediumIconUri":"/3558568217817822139/N43b3ab0b-4a56-4b73-9da5-23cf7109a1ff-medium.png","largeIconUri":"/3558568217817822139/N355f280e-f0be-48af-86e2-073c3139740d-large.png","wideIconUri":"/3558568217817822139/N8f960a0e-c730-499f-b9e5-ffdf87375fc8-wide.png"},"connectionReferences":{"7ff7773e-da1e-47d6-baf0-29761b454f9f":{"id":"95c56de1-69bf-4aca-b792-10f4d862b97b","displayName":"SharePoint","iconUri":"https://connectoricons-prod.azureedge.net/sharepointonline/icon_1.0.1329.1953.png","dataSources":["Virtual Rounding"],"dependencies":[],"dependents":["681a3400-3912-45f1-9532-9e2a20eae220","99dd5ee5-1c2b-4418-a311-edd99c5fa99f"],"parameterHints":{},"isOnPremiseConnection":false,"bypassConsent":false,"dataSets":{"https://fritzium.sharepoint.com/sites/VirtualRounding":{"dataSources":{"Virtual Rounding":{"tableName":"67801168-19e7-4a74-b16d-fb3da2bc6e8a"}}}},"apiTier":"Standard","isCustomApiConnection":false},"681a3400-3912-45f1-9532-9e2a20eae220":{"id":"35b192fa-ef19-47f7-baa5-37a3c8cf3286","displayName":"Logic flows","iconUri":"https://resourcestackdeploy.blob.core.windows.net/scripts/13276078.png","dataSources":["ResetMeetingLink"],"dependencies":["7ff7773e-da1e-47d6-baf0-29761b454f9f"],"dependents":[],"parameterHints":{"workflowName":{"value":"7ade82af-de16-4f03-b363-1114acc6f2b1"},"7ff7773e-da1e-47d6-baf0-29761b454f9f":{"value":"shared_sharepointonline"}},"isOnPremiseConnection":false,"bypassConsent":false,"dataSets":{},"apiTier":"Standard","isCustomApiConnection":false},"99dd5ee5-1c2b-4418-a311-edd99c5fa99f":{"id":"35b192fa-ef19-47f7-baa5-37a3c8cf3286","displayName":"Logic flows","iconUri":"https://resourcestackdeploy.blob.core.windows.net/scripts/13276078.png","dataSources":["ShareMeetingLink"],"dependencies":["7ff7773e-da1e-47d6-baf0-29761b454f9f","c5e318fe-6468-43da-b787-87ce10eaa29d"],"dependents":[],"parameterHints":{"workflowName":{"value":"56dc00c8-ddfe-44ba-ac8b-fd29b703d9ef"},"7ff7773e-da1e-47d6-baf0-29761b454f9f":{"value":"shared_sharepointonline"},"c5e318fe-6468-43da-b787-87ce10eaa29d":{"value":"shared_sendmail"}},"isOnPremiseConnection":false,"bypassConsent":false,"dataSets":{},"apiTier":"Standard","isCustomApiConnection":false},"c5e318fe-6468-43da-b787-87ce10eaa29d":{"id":"69e6abbc-82e3-46c0-9195-afdc2ae2aa68","displayName":"Mail","iconUri":"https://connectoricons-prod.azureedge.net/sendmail/icon_1.0.1308.1899.png","dataSources":[],"dependencies":[],"dependents":["99dd5ee5-1c2b-4418-a311-edd99c5fa99f"],"parameterHints":{},"isOnPremiseConnection":false,"bypassConsent":false,"dataSets":{},"apiTier":"Standard","isCustomApiConnection":false}},"databaseReferences":{},"almMode":"Environment","performanceOptimizationEnabled":false,"canConsumeAppPass":true},"isAppComponentLibrary":false,"appType":"ClassicCanvasApp","appComponents":[]}}