{"name":"375605ce-ab14-424e-9630-e298e486a81e","id":"/providers/Microsoft.Flow/flows/375605ce-ab14-424e-9630-e298e486a81e","type":"Microsoft.Flow/flows","properties":{"apiId":"/providers/Microsoft.PowerApps/apis/shared_logicflows","displayName":"Setup Room Meetings v2","definition":{"metadata":{"workflowEntityId":null,"creator":{"id":"ac2ea2ab-9845-4308-a99c-8fdc6548ceac","type":"User","tenantId":"6be58f7f-c45d-43f9-89e4-b97ec2a06d8e"},"provisioningMethod":"FromDefinition","failureAlertSubscription":true,"clientLastModifiedTime":"2020-03-25T07:07:27.0802342Z"},"$schema":"https://schema.management.azure.com/providers/Microsoft.Logic/schemas/2016-06-01/workflowdefinition.json#","contentVersion":"1.0.0.0","parameters":{"$connections":{"defaultValue":{},"type":"Object"},"$authentication":{"defaultValue":{},"type":"SecureObject"}},"triggers":{"manual":{"type":"Request","kind":"Button","inputs":{"schema":{"type":"object","properties":{},"required":[]}}}},"actions":{"Get_group_members":{"runAfter":{"Get_Future_Date_(based_on_days_out_set)_[Do_not_modify]":["Succeeded"]},"metadata":{"flowSystemMetadata":{"swaggerOperationId":"GetGroupMembers"}},"type":"ApiConnection","inputs":{"host":{"connection":{"name":"@json(decodeBase64(triggerOutputs().headers['X-MS-APIM-Tokens']))['$connections']['shared_azuread']['connectionId']"},"api":{"runtimeUrl":"https://flow-apim-msmanaged-na-eastus2-01.azure-apim.net/apim/azuread"}},"method":"get","path":"/v1.0/groups/@{encodeURIComponent('e3573891-5c8f-4b65-95cb-92de3e60ab31')}/members","authentication":{"type":"Raw","value":"@json(decodeBase64(triggerOutputs().headers['X-MS-APIM-Tokens']))['$ConnectionKey']"}}},"Apply_to_each":{"foreach":"@body('Get_group_members')?['value']","actions":{"Create_SharePoint_List_Item":{"runAfter":{"Get_user_profile_(V2)":["Succeeded"]},"metadata":{"flowSystemMetadata":{"swaggerOperationId":"PostItem"}},"type":"ApiConnection","inputs":{"host":{"connection":{"name":"@json(decodeBase64(triggerOutputs().headers['X-MS-APIM-Tokens']))['$connections']['shared_sharepointonline']['connectionId']"},"api":{"runtimeUrl":"https://flow-apim-msmanaged-na-westus2-01.azure-apim.net/apim/sharepointonline"}},"method":"post","body":{"Title":"@items('Apply_to_each')?['displayName']","RoomLocation":"@body('Get_user_profile_(V2)')?['department']","RoomSubLocation":"@body('Get_user_profile_(V2)')?['jobTitle']","MeetingLink":"@body('Parse_Teams_Meeting_Info')?['joinUrl']","EventID":"@body('Parse_Calendar_Event_Info')?['id']"},"path":"/datasets/@{encodeURIComponent(encodeURIComponent('https://smartterhealth.sharepoint.com/sites/',body('Get_user_profile_(V2)')?['department']))}/tables/@{encodeURIComponent(encodeURIComponent(body('Get_user_profile_(V2)')?['jobTitle']))}/items","authentication":{"type":"Raw","value":"@json(decodeBase64(triggerOutputs().headers['X-MS-APIM-Tokens']))['$ConnectionKey']"}}},"Create_Teams_Meeting_Link":{"runAfter":{},"type":"Http","inputs":{"method":"POST","uri":"https://graph.microsoft.com/beta/app/onlinemeetings","body":{"startDateTime":"@{utcNow()}","endDateTime":"@{addDays(utcNow(),variables('daysOut'))}","subject":"@{items('Apply_to_each')?['displayName']}","participants":{"organizer":{"identity":{"user":{"id":"d5958e5c-841e-4a38-90cc-6580019865be"}}}}},"authentication":{"type":"ActiveDirectoryOAuth","authority":"https://login.microsoft.com","tenant":"@variables('directoryID')","audience":"https://graph.microsoft.com","clientId":"@variables('applicationID')","secret":"@variables('clientSecret')"}}},"Create_Calendar_Event":{"runAfter":{"Parse_Teams_Meeting_Info":["Succeeded"]},"type":"Http","inputs":{"method":"POST","uri":"https://graph.microsoft.com/beta/users/@{items('Apply_to_each')?['userPrincipalName']}/calendar/events","body":{"subject":"@{items('Apply_to_each')?['displayName']}","body":{"contentType":"HTML","content":"<p><a href='@{body('Parse_Teams_Meeting_Info')?['joinUrl']}'><span style='font-size: 24px'><strong>Join Microsoft Teams Meeting</strong></span></a></p>"},"start":{"dateTime":"@{variables('Date')}T00:00:00","timeZone":"@{variables('TimeZone')}"},"end":{"dateTime":"@{variables('futureDate')}T00:00:00","timeZone":"@{variables('TimeZone')}"},"onlineMeetingUrl":"@{body('Parse_Teams_Meeting_Info')?['joinUrl']}","location":{"displayName":"Microsoft Teams Meeting"}},"authentication":{"type":"ActiveDirectoryOAuth","authority":"https://login.microsoft.com","tenant":"@variables('directoryID')","audience":"https://graph.microsoft.com","clientId":"@variables('applicationID')","secret":"@variables('clientSecret')"}}},"Get_user_profile_(V2)":{"runAfter":{"Parse_Calendar_Event_Info":["Succeeded"]},"metadata":{"flowSystemMetadata":{"swaggerOperationId":"UserProfile_V2"}},"type":"ApiConnection","inputs":{"host":{"connection":{"name":"@json(decodeBase64(triggerOutputs().headers['X-MS-APIM-Tokens']))['$connections']['shared_office365users']['connectionId']"},"api":{"runtimeUrl":"https://flow-apim-msmanaged-na-northcentralus-01.azure-apim.net/apim/office365users"}},"method":"get","path":"/codeless/v1.0/users/@{encodeURIComponent(items('Apply_to_each')?['userPrincipalName'])}","authentication":{"type":"Raw","value":"@json(decodeBase64(triggerOutputs().headers['X-MS-APIM-Tokens']))['$ConnectionKey']"}}},"Parse_Teams_Meeting_Info":{"runAfter":{"Create_Teams_Meeting_Link":["Succeeded"]},"type":"ParseJson","inputs":{"content":"@body('Create_Teams_Meeting_Link')","schema":{"type":"object","properties":{"@@odata.context":{"type":"string"},"id":{"type":"string"},"creationDateTime":{"type":"string"},"startDateTime":{"type":"string"},"endDateTime":{"type":"string"},"joinUrl":{"type":"string"},"joinWebUrl":{"type":"string"},"subject":{"type":"string"},"isBroadcast":{"type":"boolean"},"autoAdmittedUsers":{"type":"string"},"outerMeetingAutoAdmittedUsers":{},"capabilities":{"type":"array"},"videoTeleconferenceId":{},"externalId":{},"audioConferencing":{},"meetingInfo":{},"participants":{"type":"object","properties":{"organizer":{"type":"object","properties":{"upn":{"type":"string"},"identity":{"type":"object","properties":{"phone":{},"guest":{},"encrypted":{},"onPremises":{},"applicationInstance":{},"application":{},"device":{},"user":{"type":"object","properties":{"id":{"type":"string"},"displayName":{},"tenantId":{"type":"string"},"identityProvider":{"type":"string"}}}}}}},"attendees":{"type":"array"},"producers":{"type":"array"},"contributors":{"type":"array"}}},"chatInfo":{"type":"object","properties":{"threadId":{"type":"string"},"messageId":{"type":"string"},"replyChainMessageId":{}}},"joinInformation":{"type":"object","properties":{"content":{"type":"string"},"contentType":{"type":"string"}}}}}}},"Parse_Calendar_Event_Info":{"runAfter":{"Create_Calendar_Event":["Succeeded"]},"type":"ParseJson","inputs":{"content":"@body('Create_Calendar_Event')","schema":{"type":"object","properties":{"@@odata.context":{"type":"string"},"@@odata.etag":{"type":"string"},"id":{"type":"string"},"createdDateTime":{"type":"string"},"lastModifiedDateTime":{"type":"string"},"changeKey":{"type":"string"},"categories":{"type":"array"},"transactionId":{},"originalStartTimeZone":{"type":"string"},"originalEndTimeZone":{"type":"string"},"uid":{"type":"string"},"reminderMinutesBeforeStart":{"type":"integer"},"isReminderOn":{"type":"boolean"},"hasAttachments":{"type":"boolean"},"subject":{"type":"string"},"bodyPreview":{"type":"string"},"importance":{"type":"string"},"sensitivity":{"type":"string"},"isAllDay":{"type":"boolean"},"isCancelled":{"type":"boolean"},"isOrganizer":{"type":"boolean"},"responseRequested":{"type":"boolean"},"seriesMasterId":{},"showAs":{"type":"string"},"type":{"type":"string"},"webLink":{"type":"string"},"onlineMeetingUrl":{},"isOnlineMeeting":{"type":"boolean"},"onlineMeetingProvider":{"type":"string"},"allowNewTimeProposals":{"type":"boolean"},"isDraft":{"type":"boolean"},"recurrence":{},"onlineMeeting":{},"responseStatus":{"type":"object","properties":{"response":{"type":"string"},"time":{"type":"string"}}},"body":{"type":"object","properties":{"contentType":{"type":"string"},"content":{"type":"string"}}},"start":{"type":"object","properties":{"dateTime":{"type":"string"},"timeZone":{"type":"string"}}},"end":{"type":"object","properties":{"dateTime":{"type":"string"},"timeZone":{"type":"string"}}},"location":{"type":"object","properties":{"displayName":{"type":"string"},"locationType":{"type":"string"},"uniqueIdType":{"type":"string"},"address":{"type":"object","properties":{"type":{"type":"string"}}},"coordinates":{"type":"object","properties":{}}}},"locations":{"type":"array"},"attendees":{"type":"array"},"organizer":{"type":"object","properties":{"emailAddress":{"type":"object","properties":{"name":{"type":"string"},"address":{"type":"string"}}}}}}}}}},"runAfter":{"Get_group_members":["Succeeded"]},"type":"Foreach"},"Get_Current_Date_[do_not_modify]":{"runAfter":{"Set_how_many_days_out_these_meetings_should_last":["Succeeded"]},"type":"InitializeVariable","inputs":{"variables":[{"name":"Date","type":"string","value":"@{addHours(utcNow(),variables('UTCdiff'),'yyyy')}-@{addHours(utcNow(),variables('UTCdiff'),'MM')}-@{addHours(utcNow(),variables('UTCdiff'),'dd')}"}]}},"Set_Hours_off_of_UTC_(time_zone)":{"runAfter":{"Set_Directory_ID":["Succeeded"]},"type":"InitializeVariable","inputs":{"variables":[{"name":"UTCdiff","type":"integer","value":-5}]}},"Get_Future_Date_(based_on_days_out_set)_[Do_not_modify]":{"runAfter":{"Get_Current_Date_[do_not_modify]":["Succeeded"]},"type":"InitializeVariable","inputs":{"variables":[{"name":"futureDate","type":"string","value":"@{addDays(addHours(utcNow(),variables('UTCdiff')),variables('daysOut'),'yyyy')}-@{addDays(addHours(utcNow(),variables('UTCdiff')),variables('daysOut'),'MM')}-@{addDays(addHours(utcNow(),variables('UTCdiff')),variables('daysOut'),'dd')}"}]}},"Set_how_many_days_out_these_meetings_should_last":{"runAfter":{"Set_Time_Zone":["Succeeded"]},"type":"InitializeVariable","inputs":{"variables":[{"name":"daysOut","type":"integer","value":150}]},"description":"Meeting links will need to be updated after this amount of days expires"},"Set_Time_Zone":{"runAfter":{"Set_Hours_off_of_UTC_(time_zone)":["Succeeded"]},"type":"InitializeVariable","inputs":{"variables":[{"name":"TimeZone","type":"string","value":"Central Standard Time"}]},"description":"Use full name as recognized by Exchange. (example: Eastern Standard Time)"},"Set_Client_Secret":{"runAfter":{"Set_Team_Name_Suffix":["Succeeded"]},"type":"InitializeVariable","inputs":{"variables":[{"name":"clientSecret","type":"string","value":"1"}]},"description":"Enter your Client Secret from your App Registration"},"Set_Application_ID":{"runAfter":{"Set_Client_Secret":["Succeeded"]},"type":"InitializeVariable","inputs":{"variables":[{"name":"applicationID","type":"string","value":"1"}]},"description":"Enter your Application ID from your App Registration"},"Set_Directory_ID":{"runAfter":{"Set_Application_ID":["Succeeded"]},"type":"InitializeVariable","inputs":{"variables":[{"name":"directoryID","type":"string","value":"1"}]},"description":"Enter your Directory ID from your App Registration"},"Set_Team_Name_Suffix":{"runAfter":{},"type":"InitializeVariable","inputs":{"variables":[{"name":"TeamNameSuffix","type":"string","value":"Patient Rooms"}]},"description":"Ensure this matches whatever you used in CreateTeamsAndSPO.ps1"}}},"connectionReferences":{"shared_azuread":{"connectionName":"shared-azuread-e6841d02-2b14-4c42-bc7e-0b6a3ab6c7c3","source":"Embedded","id":"/providers/Microsoft.PowerApps/apis/shared_azuread","tier":"NotSpecified"},"shared_sharepointonline":{"connectionName":"1f76b68a18fd414a80ab7d674a201472","source":"Invoker","id":"/providers/Microsoft.PowerApps/apis/shared_sharepointonline","tier":"NotSpecified"},"shared_office365users":{"connectionName":"shared-office365user-ed3292a5-4e3d-4157-b7da-4a944b94d64c","source":"Invoker","id":"/providers/Microsoft.PowerApps/apis/shared_office365users","tier":"NotSpecified"}},"flowFailureAlertSubscribed":false}}