{"name":"c341767e-51b2-442d-a7e6-8a09def8b1e6","id":"/providers/Microsoft.Flow/flows/c341767e-51b2-442d-a7e6-8a09def8b1e6","type":"Microsoft.Flow/flows","properties":{"apiId":"/providers/Microsoft.PowerApps/apis/shared_logicflows","displayName":"Share Meeting Link","definition":{"metadata":{"workflowEntityId":null,"creator":{"id":"ac2ea2ab-9845-4308-a99c-8fdc6548ceac","type":"User","tenantId":"6be58f7f-c45d-43f9-89e4-b97ec2a06d8e"},"provisioningMethod":"FromDefinition","failureAlertSubscription":true,"clientLastModifiedTime":"2020-04-15T12:21:10.1561565Z"},"$schema":"https://schema.management.azure.com/providers/Microsoft.Logic/schemas/2016-06-01/workflowdefinition.json#","contentVersion":"1.0.0.0","parameters":{"$connections":{"defaultValue":{},"type":"Object"},"$authentication":{"defaultValue":{},"type":"SecureObject"}},"triggers":{"manual":{"type":"Request","kind":"PowerApp","inputs":{"schema":{"type":"object","properties":{"Getitem_Id":{"type":"integer","format":"int64","description":"Unique identifier of item to be retrieved","x-ms-powerflows-param-ispartial":false},"Sendanemailnotification(V3)_To":{"type":"string","description":"A list of valid email addresses separated by a semicolon or a comma.. This parameter is used as part of \"F6E38932-6C47-478D-8806-BC8FF19D056F\"","x-ms-powerflows-param-ispartial":true}},"required":["Getitem_Id","Sendanemailnotification(V3)_To"]}}}},"actions":{"Get_item":{"runAfter":{},"metadata":{"flowSystemMetadata":{"swaggerOperationId":"GetItem"}},"type":"ApiConnection","inputs":{"host":{"connection":{"name":"@json(decodeBase64(triggerOutputs().headers['X-MS-APIM-Tokens']))['$connections']['shared_sharepointonline']['connectionId']"},"api":{"runtimeUrl":"https://unitedstates-002.azure-apim.net/apim/sharepointonline"}},"method":"get","path":"/datasets/@{encodeURIComponent(encodeURIComponent('https://smartterhealth.sharepoint.com/sites/VirtualRounding'))}/tables/@{encodeURIComponent(encodeURIComponent('743e904c-6938-4d12-a184-1bc3580feb2d'))}/items/@{encodeURIComponent(triggerBody()['Getitem_Id'])}","authentication":{"type":"Raw","value":"@json(decodeBase64(triggerOutputs().headers['X-MS-APIM-Tokens']))['$ConnectionKey']"}}},"Send_an_email_notification_(V3)":{"runAfter":{"Get_item":["Succeeded"]},"metadata":{"flowSystemMetadata":{"swaggerOperationId":"SendEmailV3"}},"type":"ApiConnection","inputs":{"host":{"connection":{"name":"@json(decodeBase64(triggerOutputs().headers['X-MS-APIM-Tokens']))['$connections']['shared_sendmail']['connectionId']"},"api":{"runtimeUrl":"https://unitedstates-002.azure-apim.net/apim/sendmail"}},"method":"post","body":{"to":"@{triggerBody()['Sendanemailnotification(V3)_To']};","subject":"You have been invited to virtually visit a patient","text":"<p>Hello,<br>\n<br>\nYou have been invited to virtually visit a patient in our hospital.<br>\n<br>\nTo visit, please click the below link and follow the prompts in your web browser. If you are using a mobile device, you will be prompted to download the free Microsoft Teams app first.<br>\n<br>\n<a href=\"@{body('Get_item')?['MeetingLink']}&webjoin=true\">Visit Patient</a></p>","ishtml":true},"path":"/v3/mail/send","authentication":{"type":"Raw","value":"@json(decodeBase64(triggerOutputs().headers['X-MS-APIM-Tokens']))['$ConnectionKey']"}}},"Update_item":{"runAfter":{"Send_an_email_notification_(V3)":["Succeeded"]},"metadata":{"flowSystemMetadata":{"swaggerOperationId":"PatchItem"}},"type":"ApiConnection","inputs":{"host":{"connection":{"name":"@json(decodeBase64(triggerOutputs().headers['X-MS-APIM-Tokens']))['$connections']['shared_sharepointonline']['connectionId']"},"api":{"runtimeUrl":"https://unitedstates-002.azure-apim.net/apim/sharepointonline"}},"method":"patch","body":{"Title":"@body('Get_item')['Title']","MeetingLink":"@body('Get_item')?['MeetingLink']","EventID":"@body('Get_item')?['EventID']","LastFamilyInvite":"@{utcNow()}","LastReset":"@body('Get_item')?['LastReset']","RoomLocation":"@body('Get_item')?['RoomLocation']","RoomSubLocation":"@body('Get_item')?['RoomSubLocation']","Room_x0020_UPN":"@body('Get_item')?['Room_x0020_UPN']","Patient_x0020_Name":"@body('Get_item')?['Patient_x0020_Name']","Shared_x0020_to":"@add(body('Get_item')?['Shared_x0020_to'],1)","{ContentType}":{"Id":"0x0100CAAD118D463659448AF1EDF3AFE5B7F60050573F7C4298CB4BB4F688EE18FE054F"}},"path":"/datasets/@{encodeURIComponent(encodeURIComponent('https://smartterhealth.sharepoint.com/sites/VirtualRounding'))}/tables/@{encodeURIComponent(encodeURIComponent('743e904c-6938-4d12-a184-1bc3580feb2d'))}/items/@{encodeURIComponent(body('Get_item')?['ID'])}","authentication":{"type":"Raw","value":"@json(decodeBase64(triggerOutputs().headers['X-MS-APIM-Tokens']))['$ConnectionKey']"}}}}},"connectionReferences":{"shared_sharepointonline":{"connectionName":"600c837e03a949fc82f6d29b679d8095","source":"Invoker","id":"/providers/Microsoft.PowerApps/apis/shared_sharepointonline","tier":"NotSpecified"},"shared_sendmail":{"connectionName":"3c2551727d104d3e892cb408381b92aa","source":"Invoker","id":"/providers/Microsoft.PowerApps/apis/shared_sendmail","tier":"NotSpecified"}},"flowFailureAlertSubscribed":false}}