{"name":"b8c2af6f-0a85-4e19-880c-cbb3cfcc1d06","id":"/providers/Microsoft.Flow/flows/b8c2af6f-0a85-4e19-880c-cbb3cfcc1d06","type":"Microsoft.Flow/flows","properties":{"apiId":"/providers/Microsoft.PowerApps/apis/shared_logicflows","displayName":"Reset Meeting Link","definition":{"metadata":{"workflowEntityId":null,"creator":{"id":"7b3c421f-26ab-46d6-95d0-a69a748b52a3","type":"User","tenantId":"4a09ba03-8ad8-4781-a961-98661536a35a"},"provisioningMethod":"FromDefinition","failureAlertSubscription":true,"clientLastModifiedTime":"2020-04-29T03:48:27.8422423Z"},"$schema":"https://schema.management.azure.com/providers/Microsoft.Logic/schemas/2016-06-01/workflowdefinition.json#","contentVersion":"1.0.0.0","parameters":{"$connections":{"defaultValue":{},"type":"Object"},"$authentication":{"defaultValue":{},"type":"SecureObject"}},"triggers":{"manual":{"type":"Request","kind":"PowerApp","inputs":{"schema":{"type":"object","properties":{"Getitem_Id":{"type":"integer","format":"int64","description":"Unique identifier of item to be retrieved","x-ms-powerflows-param-ispartial":false}},"required":["Getitem_Id"]}}}},"actions":{"Get_Current_Date_[do_not_modify]":{"runAfter":{"Set_how_many_days_out_these_meetings_should_last":["Succeeded"]},"type":"InitializeVariable","inputs":{"variables":[{"name":"Date","type":"string","value":"@{addHours(utcNow(),variables('UTCdiff'),'yyyy')}-@{addHours(utcNow(),variables('UTCdiff'),'MM')}-@{addHours(utcNow(),variables('UTCdiff'),'dd')}"}]}},"Set_Hours_off_of_UTC_(time_zone)":{"runAfter":{"Set_Directory_ID":["Succeeded"]},"type":"InitializeVariable","inputs":{"variables":[{"name":"UTCdiff","type":"integer","value":-4}]}},"Get_Future_Date_(based_on_days_out_set)_[Do_not_modify]":{"runAfter":{"Get_Current_Date_[do_not_modify]":["Succeeded"]},"type":"InitializeVariable","inputs":{"variables":[{"name":"futureDate","type":"string","value":"@{addDays(addHours(utcNow(),variables('UTCdiff')),variables('daysOut'),'yyyy')}-@{addDays(addHours(utcNow(),variables('UTCdiff')),variables('daysOut'),'MM')}-@{addDays(addHours(utcNow(),variables('UTCdiff')),variables('daysOut'),'dd')}"}]}},"Set_how_many_days_out_these_meetings_should_last":{"runAfter":{"Set_Time_Zone":["Succeeded"]},"type":"InitializeVariable","inputs":{"variables":[{"name":"daysOut","type":"integer","value":60}]},"description":"Meeting links will need to be updated after this amount of days expires"},"Set_Time_Zone":{"runAfter":{"Set_Hours_off_of_UTC_(time_zone)":["Succeeded"]},"type":"InitializeVariable","inputs":{"variables":[{"name":"TimeZone","type":"string","value":"Eastern Daylight Time"}]},"description":"Use full name as recognized by Exchange. (example: Eastern Standard Time)"},"Set_Client_Secret":{"runAfter":{"Get_item":["Succeeded"]},"type":"InitializeVariable","inputs":{"variables":[{"name":"clientSecret","type":"string"}]},"description":"Enter your Client Secret from your App Registration"},"Set_Application_ID":{"runAfter":{"Set_Client_Secret":["Succeeded"]},"type":"InitializeVariable","inputs":{"variables":[{"name":"applicationID","type":"string","value":"05f4dc70-1b23-4f34-932a-"}]},"description":"Enter your Application ID from your App Registration"},"Set_Directory_ID":{"runAfter":{"Set_Application_ID":["Succeeded"]},"type":"InitializeVariable","inputs":{"variables":[{"name":"directoryID","type":"string","value":"0d514d79-aa6b-41cf-bc4a-"}]},"description":"Enter your Directory ID from your App Registration"},"Get_item":{"runAfter":{},"metadata":{"flowSystemMetadata":{"swaggerOperationId":"GetItem"}},"type":"ApiConnection","inputs":{"host":{"connection":{"name":"@json(decodeBase64(triggerOutputs().headers['X-MS-APIM-Tokens']))['$connections']['shared_sharepointonline']['connectionId']"},"api":{"runtimeUrl":"https://unitedstates-002.azure-apim.net/apim/sharepointonline"}},"method":"get","path":"/datasets/@{encodeURIComponent(encodeURIComponent('https://fritzium.sharepoint.com/sites/VirtualRounding'))}/tables/@{encodeURIComponent(encodeURIComponent('67801168-19e7-4a74-b16d-fb3da2bc6e8a'))}/items/@{encodeURIComponent(triggerBody()['Getitem_Id'])}","authentication":{"type":"Raw","value":"@json(decodeBase64(triggerOutputs().headers['X-MS-APIM-Tokens']))['$ConnectionKey']"}}},"Create_Teams_Meeting_Link":{"runAfter":{"Get_Future_Date_(based_on_days_out_set)_[Do_not_modify]":["Succeeded"]},"type":"Http","inputs":{"method":"POST","uri":"https://graph.microsoft.com/beta/communications/onlinemeetings","body":{"startDateTime":"@{utcNow()}","endDateTime":"@{addDays(utcNow(), variables('daysOut'))}","subject":"","participants":{"organizer":{"identity":{"user":{"id":"@{body('Get_item')?['RoomUPN']}"}}}}},"authentication":{"type":"ActiveDirectoryOAuth","authority":"https://login.microsoft.com","tenant":"@variables('directoryID')","audience":"https://graph.microsoft.com","clientId":"@variables('applicationID')","secret":"@variables('clientSecret')"}}},"Parse_Teams_Meeting_Info":{"runAfter":{"Create_Teams_Meeting_Link":["Succeeded"]},"type":"ParseJson","inputs":{"content":"@body('Create_Teams_Meeting_Link')","schema":{"type":"object","properties":{"@@odata.context":{"type":"string"},"id":{"type":"string"},"creationDateTime":{"type":"string"},"startDateTime":{"type":"string"},"endDateTime":{"type":"string"},"joinUrl":{"type":"string"},"joinWebUrl":{"type":"string"},"subject":{"type":"string"},"isBroadcast":{"type":"boolean"},"autoAdmittedUsers":{"type":"string"},"outerMeetingAutoAdmittedUsers":{},"capabilities":{"type":"array"},"videoTeleconferenceId":{},"externalId":{},"audioConferencing":{},"meetingInfo":{},"participants":{"type":"object","properties":{"organizer":{"type":"object","properties":{"upn":{"type":"string"},"identity":{"type":"object","properties":{"phone":{},"guest":{},"encrypted":{},"onPremises":{},"applicationInstance":{},"application":{},"device":{},"user":{"type":"object","properties":{"id":{"type":"string"},"displayName":{},"tenantId":{"type":"string"},"identityProvider":{"type":"string"}}}}}}},"attendees":{"type":"array"},"producers":{"type":"array"},"contributors":{"type":"array"}}},"chatInfo":{"type":"object","properties":{"threadId":{"type":"string"},"messageId":{"type":"string"},"replyChainMessageId":{}}},"joinInformation":{"type":"object","properties":{"content":{"type":"string"},"contentType":{"type":"string"}}}}}}},"Update_Calendar_Event":{"runAfter":{"Parse_Teams_Meeting_Info":["Succeeded"]},"type":"Http","inputs":{"method":"PATCH","uri":"https://graph.microsoft.com/v1.0/users/@{body('Get_item')?['RoomUPN']}/calendar/events/@{body('Get_item')?['EventID']}","body":{"body":{"contentType":"HTML","content":"<p><a href='@{body('Parse_Teams_Meeting_Info')?['joinUrl']}'><span style='font-size: 24px'><strong>Join Microsoft Teams Meeting</strong></span></a></p>"}},"authentication":{"type":"ActiveDirectoryOAuth","authority":"https://login.microsoft.com","tenant":"@variables('directoryID')","audience":"https://graph.microsoft.com","clientId":"@variables('applicationID')","secret":"@variables('clientSecret')"}}},"Parse_Calendar_Event_Info":{"runAfter":{"Update_Calendar_Event":["Succeeded"]},"type":"ParseJson","inputs":{"content":"@body('Update_Calendar_Event')","schema":{"type":"object","properties":{"@@odata.context":{"type":"string"},"@@odata.etag":{"type":"string"},"id":{"type":"string"},"createdDateTime":{"type":"string"},"lastModifiedDateTime":{"type":"string"},"changeKey":{"type":"string"},"categories":{"type":"array"},"transactionId":{},"originalStartTimeZone":{"type":"string"},"originalEndTimeZone":{"type":"string"},"uid":{"type":"string"},"reminderMinutesBeforeStart":{"type":"integer"},"isReminderOn":{"type":"boolean"},"hasAttachments":{"type":"boolean"},"subject":{"type":"string"},"bodyPreview":{"type":"string"},"importance":{"type":"string"},"sensitivity":{"type":"string"},"isAllDay":{"type":"boolean"},"isCancelled":{"type":"boolean"},"isOrganizer":{"type":"boolean"},"responseRequested":{"type":"boolean"},"seriesMasterId":{},"showAs":{"type":"string"},"type":{"type":"string"},"webLink":{"type":"string"},"onlineMeetingUrl":{},"isOnlineMeeting":{"type":"boolean"},"onlineMeetingProvider":{"type":"string"},"allowNewTimeProposals":{"type":"boolean"},"isDraft":{"type":"boolean"},"recurrence":{},"onlineMeeting":{},"responseStatus":{"type":"object","properties":{"response":{"type":"string"},"time":{"type":"string"}}},"body":{"type":"object","properties":{"contentType":{"type":"string"},"content":{"type":"string"}}},"start":{"type":"object","properties":{"dateTime":{"type":"string"},"timeZone":{"type":"string"}}},"end":{"type":"object","properties":{"dateTime":{"type":"string"},"timeZone":{"type":"string"}}},"location":{"type":"object","properties":{"displayName":{"type":"string"},"locationType":{"type":"string"},"uniqueIdType":{"type":"string"},"address":{"type":"object","properties":{"type":{"type":"string"}}},"coordinates":{"type":"object","properties":{}}}},"locations":{"type":"array"},"attendees":{"type":"array"},"organizer":{"type":"object","properties":{"emailAddress":{"type":"object","properties":{"name":{"type":"string"},"address":{"type":"string"}}}}}}}}},"Update_item":{"runAfter":{"Parse_Calendar_Event_Info":["Succeeded"]},"metadata":{"flowSystemMetadata":{"swaggerOperationId":"PatchItem"}},"type":"ApiConnection","inputs":{"host":{"connection":{"name":"@json(decodeBase64(triggerOutputs().headers['X-MS-APIM-Tokens']))['$connections']['shared_sharepointonline']['connectionId']"},"api":{"runtimeUrl":"https://unitedstates-002.azure-apim.net/apim/sharepointonline"}},"method":"patch","body":{"Title":"@body('Get_item')['Title']","RoomLocation":"@body('Get_item')?['RoomLocation']","RoomSubLocation":"@body('Get_item')?['RoomSubLocation']","MeetingLink":"@body('Parse_Teams_Meeting_Info')?['joinWebUrl']","LastReset":"@{utcNow()}","EventID":"@body('Get_item')?['EventID']","RoomUPN":"@body('Get_item')?['RoomUPN']","Share_x0020_Externally":"0","SharedWith":0,"{ContentType}":{"Id":"0x01004D1F5708805C9043A5E71B7EEA8717EA00612B2287F2BEDB46BDBB4F076661A32C"}},"path":"/datasets/@{encodeURIComponent(encodeURIComponent('https://fritzium.sharepoint.com/sites/VirtualRounding'))}/tables/@{encodeURIComponent(encodeURIComponent('67801168-19e7-4a74-b16d-fb3da2bc6e8a'))}/items/@{encodeURIComponent(body('Get_item')?['ID'])}","authentication":{"type":"Raw","value":"@json(decodeBase64(triggerOutputs().headers['X-MS-APIM-Tokens']))['$ConnectionKey']"}}}}},"connectionReferences":{"shared_sharepointonline":{"connectionName":"67b2f73f334a42f0b5980cb5d7f0f92e","source":"Invoker","id":"/providers/Microsoft.PowerApps/apis/shared_sharepointonline","tier":"NotSpecified"}},"flowFailureAlertSubscribed":false}}