{"schemaVersion":"1.0","appDefinitionTemplate":{"id":"/providers/Microsoft.PowerApps/apps/","type":"Microsoft.PowerApps/apps","tags":{"primaryDeviceWidth":"1366","primaryDeviceHeight":"768","sienaVersion":"20200415T122544Z-3.20023.8.0","deviceCapabilities":"","supportsPortrait":"false","supportsLandscape":"true","primaryFormFactor":"Tablet","publisherVersion":"3.20023.8","minimumRequiredApiVersion":"2.2.0","hasComponent":"true","hasUnlockedComponent":"true"},"properties":{"appVersion":"2020-04-15T12:25:44Z","lifeCycleId":"Published","createdByClientVersion":{"major":3,"minor":20023,"build":8,"revision":0,"majorRevision":0,"minorRevision":0},"minClientVersion":{"major":3,"minor":20023,"build":8,"revision":0,"majorRevision":0,"minorRevision":0},"backgroundColor":"rgba(104, 101, 171, 1)","backgroundImageUri":"/2777732709857125569/N93fc9272-38e6-4b39-a5b4-3a867011d5c4-logoSmallFile","displayName":"Virtual Rounding","description":"","commitMessage":"","appUris":{"documentUri":{"value":"/2777732709857125569/Naff22fa0-2f04-4098-9b0c-d469ca105d45-document.msapp","readonlyValue":"/2777732709857125569/Naff22fa0-2f04-4098-9b0c-d469ca105d45-document.msapp"},"imageUris":[]},"createdTime":"0001-01-01T00:00:00Z","lastModifiedTime":"0001-01-01T00:00:00Z","sharedGroupsCount":0,"sharedUsersCount":0,"icons":{"smallIconUri":"/2777732709857125569/Nc6a03fc6-0705-419c-92dd-eaf7af77685d-small.png","mediumIconUri":"/2777732709857125569/N6fc6d09a-5eab-4cf5-a35f-46aa938794fa-medium.png","largeIconUri":"/2777732709857125569/N685de3b2-2bab-445f-a91f-4fccbaf05806-large.png","wideIconUri":"/2777732709857125569/N93cfa71e-b629-4367-a762-232e0e429464-wide.png"},"connectionReferences":{"7ff7773e-da1e-47d6-baf0-29761b454f9f":{"id":"2024f440-fa6e-46bc-ba42-8fd40a26c1c2","displayName":"SharePoint","iconUri":"https://connectoricons-prod.azureedge.net/sharepointonline/icon_1.0.1329.1953.png","dataSources":["Virtual Rounding"],"dependencies":[],"dependents":["681a3400-3912-45f1-9532-9e2a20eae220","ca528b3c-bb4b-4aa1-8b26-d91e77ec074d","910c3936-b011-40bc-af02-9d61f390fd8c"],"parameterHints":{},"isOnPremiseConnection":false,"bypassConsent":false,"dataSets":{"https://smartterhealth.sharepoint.com/sites/VirtualRounding":{"dataSources":{"Virtual Rounding":{"tableName":"743e904c-6938-4d12-a184-1bc3580feb2d"}}}},"apiTier":"Standard","isCustomApiConnection":false},"681a3400-3912-45f1-9532-9e2a20eae220":{"id":"78548b44-d721-47d9-8750-02285c8acdea","displayName":"Logic flows","iconUri":"https://resourcestackdeploy.blob.core.windows.net/scripts/13276078.png","dataSources":["ResetMeetingLink"],"dependencies":["7ff7773e-da1e-47d6-baf0-29761b454f9f"],"dependents":[],"parameterHints":{"workflowName":{"value":"62fb84ef-bf11-4403-a7f1-6acfb162b20b"},"7ff7773e-da1e-47d6-baf0-29761b454f9f":{"value":"shared_sharepointonline"}},"isOnPremiseConnection":false,"bypassConsent":false,"dataSets":{},"apiTier":"Standard","isCustomApiConnection":false},"ca528b3c-bb4b-4aa1-8b26-d91e77ec074d":{"id":"78548b44-d721-47d9-8750-02285c8acdea","displayName":"Logic flows","iconUri":"https://resourcestackdeploy.blob.core.windows.net/scripts/13276078.png","dataSources":["SetPatientName"],"dependencies":["7ff7773e-da1e-47d6-baf0-29761b454f9f"],"dependents":[],"parameterHints":{"workflowName":{"value":"59772b1b-7a87-4c1b-995d-7aebc66310f5"},"7ff7773e-da1e-47d6-baf0-29761b454f9f":{"value":"shared_sharepointonline"}},"isOnPremiseConnection":false,"bypassConsent":false,"dataSets":{},"apiTier":"Standard","isCustomApiConnection":false},"910c3936-b011-40bc-af02-9d61f390fd8c":{"id":"78548b44-d721-47d9-8750-02285c8acdea","displayName":"Logic flows","iconUri":"https://resourcestackdeploy.blob.core.windows.net/scripts/13276078.png","dataSources":["ShareMeetingLink"],"dependencies":["7ff7773e-da1e-47d6-baf0-29761b454f9f","a6c9ce2e-9b85-4d66-a509-c48d04794daf"],"dependents":[],"parameterHints":{"workflowName":{"value":"a4522fed-8e66-4d72-bd80-44d820c2dbee"},"7ff7773e-da1e-47d6-baf0-29761b454f9f":{"value":"shared_sharepointonline"},"a6c9ce2e-9b85-4d66-a509-c48d04794daf":{"value":"shared_sendmail"}},"isOnPremiseConnection":false,"bypassConsent":false,"dataSets":{},"apiTier":"Standard","isCustomApiConnection":false},"a6c9ce2e-9b85-4d66-a509-c48d04794daf":{"id":"dc53d92d-5690-4c79-b70e-2ca048da3501","displayName":"Mail","iconUri":"https://connectoricons-prod.azureedge.net/sendmail/icon_1.0.1308.1899.png","dataSources":[],"dependencies":[],"dependents":["910c3936-b011-40bc-af02-9d61f390fd8c"],"parameterHints":{},"isOnPremiseConnection":false,"bypassConsent":false,"dataSets":{},"apiTier":"Standard","isCustomApiConnection":false}},"databaseReferences":{},"almMode":"Environment","performanceOptimizationEnabled":false,"canConsumeAppPass":true},"isAppComponentLibrary":false,"appType":"ClassicCanvasApp","appComponents":[]}}