{"name":"bf8a4775-c62c-481a-af45-eccd9c93f1cf","id":"/providers/Microsoft.Flow/flows/bf8a4775-c62c-481a-af45-eccd9c93f1cf","type":"Microsoft.Flow/flows","properties":{"apiId":"/providers/Microsoft.PowerApps/apis/shared_logicflows","displayName":"Reset Meeting Link","definition":{"metadata":{"workflowEntityId":null,"creator":{"id":"ac2ea2ab-9845-4308-a99c-8fdc6548ceac","type":"User","tenantId":"6be58f7f-c45d-43f9-89e4-b97ec2a06d8e"},"provisioningMethod":"FromDefinition","failureAlertSubscription":true,"clientLastModifiedTime":"2020-04-10T08:30:33.0743416Z"},"$schema":"https://schema.management.azure.com/providers/Microsoft.Logic/schemas/2016-06-01/workflowdefinition.json#","contentVersion":"1.0.0.0","parameters":{"$connections":{"defaultValue":{},"type":"Object"},"$authentication":{"defaultValue":{},"type":"SecureObject"}},"triggers":{"manual":{"type":"Request","kind":"PowerApp","inputs":{"schema":{"type":"object","properties":{"Getitem_Id":{"type":"integer","format":"int64","description":"Unique identifier of item to be retrieved","x-ms-powerflows-param-ispartial":false}},"required":["Getitem_Id"]}}}},"actions":{"Get_Current_Date_[do_not_modify]":{"runAfter":{"Set_how_many_days_out_these_meetings_should_last":["Succeeded"]},"type":"InitializeVariable","inputs":{"variables":[{"name":"Date","type":"string","value":"@{addHours(utcNow(),variables('UTCdiff'),'yyyy')}-@{addHours(utcNow(),variables('UTCdiff'),'MM')}-@{addHours(utcNow(),variables('UTCdiff'),'dd')}"}]}},"Set_Hours_off_of_UTC_(time_zone)":{"runAfter":{"Set_Directory_ID":["Succeeded"]},"type":"InitializeVariable","inputs":{"variables":[{"name":"UTCdiff","type":"integer","value":-5}]}},"Get_Future_Date_(based_on_days_out_set)_[Do_not_modify]":{"runAfter":{"Get_Current_Date_[do_not_modify]":["Succeeded"]},"type":"InitializeVariable","inputs":{"variables":[{"name":"futureDate","type":"string","value":"@{addDays(addHours(utcNow(),variables('UTCdiff')),variables('daysOut'),'yyyy')}-@{addDays(addHours(utcNow(),variables('UTCdiff')),variables('daysOut'),'MM')}-@{addDays(addHours(utcNow(),variables('UTCdiff')),variables('daysOut'),'dd')}"}]}},"Set_how_many_days_out_these_meetings_should_last":{"runAfter":{"Set_Time_Zone":["Succeeded"]},"type":"InitializeVariable","inputs":{"variables":[{"name":"daysOut","type":"integer","value":150}]},"description":"Meeting links will need to be updated after this amount of days expires"},"Set_Time_Zone":{"runAfter":{"Set_Hours_off_of_UTC_(time_zone)":["Succeeded"]},"type":"InitializeVariable","inputs":{"variables":[{"name":"TimeZone","type":"string","value":"Central Standard Time"}]},"description":"Use full name as recognized by Exchange. (example: Eastern Standard Time)"},"Set_Client_Secret":{"runAfter":{"Get_item":["Succeeded"]},"type":"InitializeVariable","inputs":{"variables":[{"name":"clientSecret","type":"string","value":"M3UX5=6dihoW?oUY6SIxsfJjOWOItC]@"}]},"description":"Enter your Client Secret from your App Registration"},"Set_Application_ID":{"runAfter":{"Set_Client_Secret":["Succeeded"]},"type":"InitializeVariable","inputs":{"variables":[{"name":"applicationID","type":"string","value":"abd9caab-1b2a-47a3-9376-7b7549a22cf4"}]},"description":"Enter your Application ID from your App Registration"},"Set_Directory_ID":{"runAfter":{"Set_Application_ID":["Succeeded"]},"type":"InitializeVariable","inputs":{"variables":[{"name":"directoryID","type":"string","value":"6be58f7f-c45d-43f9-89e4-b97ec2a06d8e"}]},"description":"Enter your Directory ID from your App Registration"},"Get_item":{"runAfter":{},"metadata":{"flowSystemMetadata":{"swaggerOperationId":"GetItem"}},"type":"ApiConnection","inputs":{"host":{"connection":{"name":"@json(decodeBase64(triggerOutputs().headers['X-MS-APIM-Tokens']))['$connections']['shared_sharepointonline']['connectionId']"},"api":{"runtimeUrl":"https://unitedstates-002.azure-apim.net/apim/sharepointonline"}},"method":"get","path":"/datasets/@{encodeURIComponent(encodeURIComponent('https://smartterhealth.sharepoint.com/sites/VirtualRounding'))}/tables/@{encodeURIComponent(encodeURIComponent('743e904c-6938-4d12-a184-1bc3580feb2d'))}/items/@{encodeURIComponent(triggerBody()['Getitem_Id'])}","authentication":{"type":"Raw","value":"@json(decodeBase64(triggerOutputs().headers['X-MS-APIM-Tokens']))['$ConnectionKey']"}}},"Create_Teams_Meeting_Link":{"runAfter":{"Get_Future_Date_(based_on_days_out_set)_[Do_not_modify]":["Succeeded"]},"type":"Http","inputs":{"method":"POST","uri":"https://graph.microsoft.com/beta/communications/onlinemeetings","body":{"startDateTime":"@{utcNow()}","endDateTime":"@{addDays(utcNow(), variables('daysOut'))}","subject":"","participants":{"organizer":{"identity":{"user":{"id":"@{body('Get_item')?['Room_x0020_UPN']}"}}}}},"authentication":{"type":"ActiveDirectoryOAuth","authority":"https://login.microsoft.com","tenant":"@variables('directoryID')","audience":"https://graph.microsoft.com","clientId":"@variables('applicationID')","secret":"@variables('clientSecret')"}}},"Parse_Teams_Meeting_Info":{"runAfter":{"Create_Teams_Meeting_Link":["Succeeded"]},"type":"ParseJson","inputs":{"content":"@body('Create_Teams_Meeting_Link')","schema":{"type":"object","properties":{"@@odata.context":{"type":"string"},"id":{"type":"string"},"creationDateTime":{"type":"string"},"startDateTime":{"type":"string"},"endDateTime":{"type":"string"},"joinUrl":{"type":"string"},"joinWebUrl":{"type":"string"},"subject":{"type":"string"},"isBroadcast":{"type":"boolean"},"autoAdmittedUsers":{"type":"string"},"outerMeetingAutoAdmittedUsers":{},"capabilities":{"type":"array"},"videoTeleconferenceId":{},"externalId":{},"audioConferencing":{},"meetingInfo":{},"participants":{"type":"object","properties":{"organizer":{"type":"object","properties":{"upn":{"type":"string"},"identity":{"type":"object","properties":{"phone":{},"guest":{},"encrypted":{},"onPremises":{},"applicationInstance":{},"application":{},"device":{},"user":{"type":"object","properties":{"id":{"type":"string"},"displayName":{},"tenantId":{"type":"string"},"identityProvider":{"type":"string"}}}}}}},"attendees":{"type":"array"},"producers":{"type":"array"},"contributors":{"type":"array"}}},"chatInfo":{"type":"object","properties":{"threadId":{"type":"string"},"messageId":{"type":"string"},"replyChainMessageId":{}}},"joinInformation":{"type":"object","properties":{"content":{"type":"string"},"contentType":{"type":"string"}}}}}}},"Update_Calendar_Event":{"runAfter":{"Parse_Teams_Meeting_Info":["Succeeded"]},"type":"Http","inputs":{"method":"PATCH","uri":"https://graph.microsoft.com/v1.0/users/@{body('Get_item')?['Room_x0020_UPN']}/calendar/events/@{body('Get_item')?['EventID']}","body":{"body":{"contentType":"HTML","content":"<p><a href='@{body('Parse_Teams_Meeting_Info')?['joinUrl']}'><span style='font-size: 24px'><strong>Join Microsoft Teams Meeting</strong></span></a></p>"}},"authentication":{"type":"ActiveDirectoryOAuth","authority":"https://login.microsoft.com","tenant":"@variables('directoryID')","audience":"https://graph.microsoft.com","clientId":"@variables('applicationID')","secret":"@variables('clientSecret')"}}},"Parse_Calendar_Event_Info":{"runAfter":{"Update_Calendar_Event":["Succeeded"]},"type":"ParseJson","inputs":{"content":"@body('Update_Calendar_Event')","schema":{"type":"object","properties":{"@@odata.context":{"type":"string"},"@@odata.etag":{"type":"string"},"id":{"type":"string"},"createdDateTime":{"type":"string"},"lastModifiedDateTime":{"type":"string"},"changeKey":{"type":"string"},"categories":{"type":"array"},"transactionId":{},"originalStartTimeZone":{"type":"string"},"originalEndTimeZone":{"type":"string"},"uid":{"type":"string"},"reminderMinutesBeforeStart":{"type":"integer"},"isReminderOn":{"type":"boolean"},"hasAttachments":{"type":"boolean"},"subject":{"type":"string"},"bodyPreview":{"type":"string"},"importance":{"type":"string"},"sensitivity":{"type":"string"},"isAllDay":{"type":"boolean"},"isCancelled":{"type":"boolean"},"isOrganizer":{"type":"boolean"},"responseRequested":{"type":"boolean"},"seriesMasterId":{},"showAs":{"type":"string"},"type":{"type":"string"},"webLink":{"type":"string"},"onlineMeetingUrl":{},"isOnlineMeeting":{"type":"boolean"},"onlineMeetingProvider":{"type":"string"},"allowNewTimeProposals":{"type":"boolean"},"isDraft":{"type":"boolean"},"recurrence":{},"onlineMeeting":{},"responseStatus":{"type":"object","properties":{"response":{"type":"string"},"time":{"type":"string"}}},"body":{"type":"object","properties":{"contentType":{"type":"string"},"content":{"type":"string"}}},"start":{"type":"object","properties":{"dateTime":{"type":"string"},"timeZone":{"type":"string"}}},"end":{"type":"object","properties":{"dateTime":{"type":"string"},"timeZone":{"type":"string"}}},"location":{"type":"object","properties":{"displayName":{"type":"string"},"locationType":{"type":"string"},"uniqueIdType":{"type":"string"},"address":{"type":"object","properties":{"type":{"type":"string"}}},"coordinates":{"type":"object","properties":{}}}},"locations":{"type":"array"},"attendees":{"type":"array"},"organizer":{"type":"object","properties":{"emailAddress":{"type":"object","properties":{"name":{"type":"string"},"address":{"type":"string"}}}}}}}}},"Update_item":{"runAfter":{"Parse_Calendar_Event_Info":["Succeeded"]},"metadata":{"flowSystemMetadata":{"swaggerOperationId":"PatchItem"}},"type":"ApiConnection","inputs":{"host":{"connection":{"name":"@json(decodeBase64(triggerOutputs().headers['X-MS-APIM-Tokens']))['$connections']['shared_sharepointonline']['connectionId']"},"api":{"runtimeUrl":"https://unitedstates-002.azure-apim.net/apim/sharepointonline"}},"method":"patch","body":{"Title":"@body('Get_item')['Title']","MeetingLink":"@body('Parse_Teams_Meeting_Info')?['joinWebUrl']","EventID":"@body('Get_item')?['EventID']","FamilyInvited":0,"LastReset":"@{utcNow()}","RoomLocation":"@body('Get_item')?['RoomLocation']","RoomSubLocation":"@body('Get_item')?['RoomSubLocation']","Room_x0020_UPN":"@body('Get_item')?['Room_x0020_UPN']","{ContentType}":{"Id":"0x0100CAAD118D463659448AF1EDF3AFE5B7F60050573F7C4298CB4BB4F688EE18FE054F"}},"path":"/datasets/@{encodeURIComponent(encodeURIComponent('https://smartterhealth.sharepoint.com/sites/VirtualRounding'))}/tables/@{encodeURIComponent(encodeURIComponent('743e904c-6938-4d12-a184-1bc3580feb2d'))}/items/@{encodeURIComponent(body('Get_item')?['ID'])}","authentication":{"type":"Raw","value":"@json(decodeBase64(triggerOutputs().headers['X-MS-APIM-Tokens']))['$ConnectionKey']"}}}}},"connectionReferences":{"shared_sharepointonline":{"connectionName":"600c837e03a949fc82f6d29b679d8095","source":"Invoker","id":"/providers/Microsoft.PowerApps/apis/shared_sharepointonline","tier":"NotSpecified"}},"flowFailureAlertSubscribed":false}}