{"name":"7e05560e-f5ef-43e5-b7e6-495f750d3a10","id":"/providers/Microsoft.Flow/flows/7e05560e-f5ef-43e5-b7e6-495f750d3a10","type":"Microsoft.Flow/flows","properties":{"apiId":"/providers/Microsoft.PowerApps/apis/shared_logicflows","displayName":"Share to Family (from PowerApp)","definition":{"metadata":{"workflowEntityId":null,"creator":{"id":"ac2ea2ab-9845-4308-a99c-8fdc6548ceac","type":"User","tenantId":"6be58f7f-c45d-43f9-89e4-b97ec2a06d8e"},"provisioningMethod":"FromDefinition","failureAlertSubscription":true,"clientLastModifiedTime":"2020-04-13T05:52:53.9651212Z"},"$schema":"https://schema.management.azure.com/providers/Microsoft.Logic/schemas/2016-06-01/workflowdefinition.json#","contentVersion":"1.0.0.0","parameters":{"$connections":{"defaultValue":{},"type":"Object"},"$authentication":{"defaultValue":{},"type":"SecureObject"},"sharepoint.site":{"defaultValue":"","type":"String"},"sharepoint.list":{"defaultValue":"","type":"String"}},"triggers":{"manual":{"type":"Request","kind":"PowerApp","inputs":{"schema":{"type":"object","properties":{"Getitem_Id":{"type":"integer","format":"int64","description":"Unique identifier of item to be retrieved","x-ms-powerflows-param-ispartial":false},"Sendanemailnotification(V3)_ToNames":{"type":"string","description":"A display name for each email address separated by a semicolon or a comma.","x-ms-powerflows-param-ispartial":false}},"required":["Getitem_Id","Sendanemailnotification(V3)_ToNames"]}}}},"actions":{"Send_an_email_notification_(V3)":{"runAfter":{"Get_item":["Succeeded"]},"type":"OpenApiConnection","inputs":{"host":{"apiId":"/providers/Microsoft.PowerApps/apis/shared_sendmail","connectionName":"shared_sendmail","operationId":"SendEmailV3"},"parameters":{"request/to":"@{triggerBody()['Sendanemailnotification(V3)_ToNames']};","request/subject":"You have been invited to virtually visit a patient","request/text":"<p>Hello,<br>\n<br>\nYou have been invited to virtually visit a patient in our hospital.<br>\n<br>\nTo visit, please click the below link and follow the prompts in your web browser. If you are using a mobile device, you will be prompted to download the free Microsoft Teams app first.<br>\n<br>\n<a href=\"@{outputs('Get_item')?['body/MeetingLink']}&webjoin=true\">Visit Patient</a></p>"},"authentication":{"value":"@json(decodeBase64(triggerOutputs().headers['X-MS-APIM-Tokens']))['$ConnectionKey']","type":"Raw"}}},"Get_item":{"runAfter":{},"type":"OpenApiConnection","inputs":{"host":{"apiId":"/providers/Microsoft.PowerApps/apis/shared_sharepointonline","connectionName":"shared_sharepointonline","operationId":"GetItem"},"parameters":{"dataset":"https://smartterhealth.sharepoint.com/sites/VirtualRounding","table":"743e904c-6938-4d12-a184-1bc3580feb2d","id":"@triggerBody()['Getitem_Id']"},"authentication":{"value":"@json(decodeBase64(triggerOutputs().headers['X-MS-APIM-Tokens']))['$ConnectionKey']","type":"Raw"}}},"Update_item":{"runAfter":{"Send_an_email_notification_(V3)":["Succeeded"]},"type":"OpenApiConnection","inputs":{"host":{"apiId":"/providers/Microsoft.PowerApps/apis/shared_sharepointonline","connectionName":"shared_sharepointonline","operationId":"PatchItem"},"parameters":{"dataset":"https://smartterhealth.sharepoint.com/sites/VirtualRounding","table":"743e904c-6938-4d12-a184-1bc3580feb2d","id":"@outputs('Get_item')?['body/ID']","item/Title":"@outputs('Get_item')?['body/Title']","item/MeetingLink":"@outputs('Get_item')?['body/MeetingLink']","item/EventID":"@outputs('Get_item')?['body/EventID']","item/LastFamilyInvite":"@utcNow()","item/LastReset":"@outputs('Get_item')?['body/LastReset']","item/RoomLocation":"@outputs('Get_item')?['body/RoomLocation']","item/RoomSubLocation":"@outputs('Get_item')?['body/RoomSubLocation']","item/Room_x0020_UPN":"@outputs('Get_item')?['body/Room_x0020_UPN']","item/Patient_x0020_Name":"@outputs('Get_item')?['body/Patient_x0020_Name']","item/Shared_x0020_to":"@add(outputs('Get_item')?['body/Shared_x0020_to'],1)","item/{ContentType}/Id":"0x0100CAAD118D463659448AF1EDF3AFE5B7F60050573F7C4298CB4BB4F688EE18FE054F"},"authentication":{"value":"@json(decodeBase64(triggerOutputs().headers['X-MS-APIM-Tokens']))['$ConnectionKey']","type":"Raw"}}}},"outputs":{},"description":"Define a custom action to happen for a selected item. It could be sending an email, copying the item to a folder or web service, or something else. You decide. To run this flow, select an item and choose this flow from the Flow menu."},"connectionReferences":{"shared_sendmail":{"connectionName":"3c2551727d104d3e892cb408381b92aa","source":"Invoker","id":"/providers/Microsoft.PowerApps/apis/shared_sendmail","tier":"NotSpecified"},"shared_sharepointonline":{"connectionName":"600c837e03a949fc82f6d29b679d8095","source":"Invoker","id":"/providers/Microsoft.PowerApps/apis/shared_sharepointonline","tier":"NotSpecified"}},"flowFailureAlertSubscribed":false}}