{"name":"b217dd81-fad3-4ddb-a35b-6eea0f35f972","id":"/providers/Microsoft.Flow/flows/b217dd81-fad3-4ddb-a35b-6eea0f35f972","type":"Microsoft.Flow/flows","properties":{"apiId":"/providers/Microsoft.PowerApps/apis/shared_logicflows","displayName":"Add Meeting Bot - 2 - 2 - 2","definition":{"metadata":{"workflowEntityId":null,"creator":{"id":"6b955487-471c-4170-8f7c-e32db6cca14d","type":"User","tenantId":"303c4aaa-ea65-4bf2-a236-f7a92c1ee02d"},"provisioningMethod":"FromDefinition","failureAlertSubscription":true,"clientLastModifiedTime":"2020-04-15T14:18:00.797195Z"},"$schema":"https://schema.management.azure.com/providers/Microsoft.Logic/schemas/2016-06-01/workflowdefinition.json#","contentVersion":"1.0.0.0","parameters":{"$connections":{"defaultValue":{},"type":"Object"},"$authentication":{"defaultValue":{},"type":"SecureObject"}},"triggers":{"Recurrence":{"recurrence":{"frequency":"Minute","interval":25},"type":"Recurrence"}},"actions":{"Get_group_members":{"runAfter":{"Initialize_APIBody_(DO_NOT_EDIT)":["Succeeded"]},"metadata":{"flowSystemMetadata":{"swaggerOperationId":"GetGroupMembers"}},"type":"ApiConnection","inputs":{"host":{"connection":{"name":"@parameters('$connections')['shared_azuread']['connectionId']"},"api":{"runtimeUrl":"https://unitedstates-002.azure-apim.net/apim/azuread"}},"method":"get","path":"/v1.0/groups/@{encodeURIComponent(variables('GroupID'))}/members","authentication":"@parameters('$authentication')"},"description":"Use the Group ID from Azure AD of the Group you used in CreateRooms.ps1"},"Apply_to_each":{"foreach":"@body('Get_group_members')?['value']","actions":{"Get_user_profile_(V2)":{"runAfter":{},"metadata":{"flowSystemMetadata":{"swaggerOperationId":"UserProfile_V2"}},"type":"ApiConnection","inputs":{"host":{"connection":{"name":"@parameters('$connections')['shared_office365users']['connectionId']"},"api":{"runtimeUrl":"https://unitedstates-002.azure-apim.net/apim/office365users"}},"method":"get","path":"/codeless/v1.0/users/@{encodeURIComponent(items('Apply_to_each')?['userPrincipalName'])}","authentication":"@parameters('$authentication')"}},"Get_items":{"runAfter":{"Remove_SPO_Spaces_for_Url":["Succeeded"]},"metadata":{"flowSystemMetadata":{"swaggerOperationId":"GetItems"}},"type":"ApiConnection","inputs":{"host":{"connection":{"name":"@parameters('$connections')['shared_sharepointonline']['connectionId']"},"api":{"runtimeUrl":"https://unitedstates-002.azure-apim.net/apim/sharepointonline"}},"method":"get","path":"/datasets/@{encodeURIComponent(encodeURIComponent(variables('SharePointBaseURL'),'Sites/',variables('SPOSiteShortName')))}/tables/@{encodeURIComponent(encodeURIComponent(body('Get_user_profile_(V2)')?['jobTitle']))}/items","queries":{"$filter":"Title eq '@{body('Get_user_profile_(V2)')?['displayName']}'","$top":1},"authentication":"@parameters('$authentication')"}},"Set_DecodedURL":{"runAfter":{"Set_MeetingLink":["Succeeded"]},"type":"SetVariable","inputs":{"name":"DecodedURL","value":"@split(decodeuricomponent(variables('MeetingLink')),'/')"}},"Set_MeetingLink":{"runAfter":{"Parse_JSON":["Succeeded"]},"type":"SetVariable","inputs":{"name":"MeetingLink","value":"@{first(body('Parse_JSON')).MeetingLink}"}},"Set_MeetingID":{"runAfter":{"Set_DecodedURL":["Succeeded"]},"type":"SetVariable","inputs":{"name":"MeetingID","value":"@{variables('DecodedURL')[5]}"}},"Set_OrganizerID":{"runAfter":{"Set_MeetingID":["Succeeded"]},"type":"SetVariable","inputs":{"name":"OrganizerID","value":"@{split(variables('DecodedURL')[6],'\"')[7]}"}},"Parse_JSON":{"runAfter":{"Get_items":["Succeeded"]},"type":"ParseJson","inputs":{"content":"@body('Get_items')?['value']","schema":{"type":"array","items":{"type":"object","properties":{"@@odata.etag":{"type":"string"},"ItemInternalId":{"type":"string"},"ID":{"type":"integer"},"Title":{"type":"string"},"RoomLocation":{"type":"string"},"MeetingLink":{"type":"string"},"RoomSubLocation":{"type":"string"},"EventID":{"type":"string"},"Modified":{"type":"string"},"Created":{"type":"string"},"Author":{"type":"object","properties":{"@@odata.type":{"type":"string"},"Claims":{"type":"string"},"DisplayName":{"type":"string"},"Email":{"type":"string"},"Picture":{"type":"string"},"Department":{},"JobTitle":{}}},"Author#Claims":{"type":"string"},"Editor":{"type":"object","properties":{"@@odata.type":{"type":"string"},"Claims":{"type":"string"},"DisplayName":{"type":"string"},"Email":{"type":"string"},"Picture":{"type":"string"},"Department":{},"JobTitle":{}}},"Editor#Claims":{"type":"string"},"{Identifier}":{"type":"string"},"{IsFolder}":{"type":"boolean"},"{Thumbnail}":{"type":"object","properties":{"Large":{},"Medium":{},"Small":{}}},"{Link}":{"type":"string"},"{Name}":{"type":"string"},"{FilenameWithExtension}":{"type":"string"},"{Path}":{"type":"string"},"{FullPath}":{"type":"string"},"{ContentType}":{"type":"object","properties":{"@@odata.type":{"type":"string"},"Id":{"type":"string"},"Name":{"type":"string"}}},"{ContentType}#Id":{"type":"string"},"{HasAttachments}":{"type":"boolean"},"{VersionNumber}":{"type":"string"}},"required":["@@odata.etag","ItemInternalId","ID","Title","RoomLocation","MeetingLink","RoomSubLocation","EventID","Modified","Created","Author","Author#Claims","Editor","Editor#Claims","{Identifier}","{IsFolder}","{Thumbnail}","{Link}","{Name}","{FilenameWithExtension}","{Path}","{FullPath}","{ContentType}","{ContentType}#Id","{HasAttachments}","{VersionNumber}"]}}}},"Join_Bot_to_Meeting":{"runAfter":{"Build_Body_for_API_Call":["Succeeded"]},"type":"Http","inputs":{"method":"POST","uri":"https://graph.microsoft.com/beta/communications/calls","body":"@variables('APIBody')","authentication":{"type":"ActiveDirectoryOAuth","authority":"https://login.microsoft.com","tenant":"@variables('directoryID')","audience":"https://graph.microsoft.com","clientId":"@variables('applicationID')","secret":"@variables('clientSecret')"}}},"Build_Body_for_API_Call":{"runAfter":{"Set_OrganizerID":["Succeeded"]},"type":"SetVariable","inputs":{"name":"APIBody","value":"{\n\"@odata.type\": \"microsoft.graph.call\",\n  \"callbackUri\": \"https://www.microsoft.com\",\n  \"tenantId\": \"@{variables('directoryID')}\",\n  \"meetingInfo\": {\n\"@odata.type\": \"#microsoft.graph.organizerMeetingInfo\",\n    \"organizer\": {\n\"@odata.type\": \"#microsoft.graph.identitySet\",\n      \"user\": {\n \"@odata.type\": \"#microsoft.graph.identity\",\n        \"id\": \"@{variables('OrganizerID')}\",\n        \"tenantId\": \"@{variables('directoryID')}\"\n      }\n    },\n    \"allowConversationWithoutHost\": true\n  },\n  \"mediaConfig\": {\n \"@odata.type\": \"#microsoft.graph.serviceHostedMediaConfig\",\n    \"removeFromDefaultAudioGroup\": true\n  },\n  \"chatInfo\": {\n  \"@odata.type\": \"#microsoft.graph.chatInfo\",\n    \"threadId\": \"@{variables('MeetingID')}\",\n    \"messageId\": \"0\"\n  }\n}"}},"Remove_SPO_Spaces_for_Url":{"runAfter":{"Get_user_profile_(V2)":["Succeeded"]},"type":"SetVariable","inputs":{"name":"SPOSiteShortName","value":"@{replace(body('Get_user_profile_(V2)')?['department'])}"}}},"runAfter":{"Get_group_members":["Succeeded"]},"type":"Foreach"},"Set_Client_Secret":{"runAfter":{},"type":"InitializeVariable","inputs":{"variables":[{"name":"clientSecret","type":"string","value":"U=plIUOEh_?6?4ZWZaKD81/tdLjF:rrW"}]},"description":"Enter your Client Secret from your App Registration"},"Set_Application_ID":{"runAfter":{"Set_Client_Secret":["Succeeded"]},"type":"InitializeVariable","inputs":{"variables":[{"name":"applicationID","type":"string","value":"56acd742-275c-479e-9d9a-59801df96d5d"}]},"description":"Enter your Application ID from your App Registration"},"Set_Directory_ID":{"runAfter":{"Set_Application_ID":["Succeeded"]},"type":"InitializeVariable","inputs":{"variables":[{"name":"directoryID","type":"string","value":"465f7561-2862-4fde-afcc-817388e07e5c"}]},"description":"Enter your Directory ID from your App Registration"},"Initialize_DecodedURL_(DO_NOT_EDIT)":{"runAfter":{"Initialize_MeetingID_(DO_NOT_EDIT)":["Succeeded"]},"type":"InitializeVariable","inputs":{"variables":[{"name":"DecodedURL","type":"array"}]}},"Initialize_MeetingID_(DO_NOT_EDIT)":{"runAfter":{"Initialize_OrganizerID_(DO_NOT_EDIT)":["Succeeded"]},"type":"InitializeVariable","inputs":{"variables":[{"name":"MeetingID","type":"string"}]}},"Initialize_OrganizerID_(DO_NOT_EDIT)":{"runAfter":{"Initialize_MeetingLink_(DO_NOT_EDIT)":["Succeeded"]},"type":"InitializeVariable","inputs":{"variables":[{"name":"OrganizerID","type":"string"}]}},"Initialize_MeetingLink_(DO_NOT_EDIT)":{"runAfter":{"Initialize_SPOSiteUrl_(DO_NOT_EDIT)":["Succeeded"]},"type":"InitializeVariable","inputs":{"variables":[{"name":"MeetingLink","type":"string"}]}},"Initialize_APIBody_(DO_NOT_EDIT)":{"runAfter":{"Initialize_DecodedURL_(DO_NOT_EDIT)":["Succeeded"]},"type":"InitializeVariable","inputs":{"variables":[{"name":"APIBody","type":"string"}]}},"Set_Azure_AD_Group_ID":{"runAfter":{"Set_Directory_ID":["Succeeded"]},"type":"InitializeVariable","inputs":{"variables":[{"name":"GroupID","type":"string"}]},"description":"Use the Group ID from Azure AD of the Group you used in CreateRooms.ps1 (must include all room accounts)"},"Set_SharePoint_Base_URL":{"runAfter":{"Set_Azure_AD_Group_ID":["Succeeded"]},"type":"InitializeVariable","inputs":{"variables":[{"name":"SharePointBaseURL","type":"string","value":"https://contoso.sharepoint.com/"}]},"description":"Must end with '/'"},"Initialize_SPOSiteUrl_(DO_NOT_EDIT)":{"runAfter":{"Set_SharePoint_Base_URL":["Succeeded"]},"type":"InitializeVariable","inputs":{"variables":[{"name":"SPOSiteShortName","type":"string"}]}}}},"connectionReferences":{"shared_azuread":{"connectionName":"5f2ff236d0e44fd0a1e2bf0f9d0320da","source":"Embedded","id":"/providers/Microsoft.PowerApps/apis/shared_azuread","tier":"NotSpecified"},"shared_office365users":{"connectionName":"aa609f88422e477c8ea0d0a6511edeca","source":"Embedded","id":"/providers/Microsoft.PowerApps/apis/shared_office365users","tier":"NotSpecified"},"shared_sharepointonline":{"connectionName":"814cc322e94f493ea241f8595df24010","source":"Embedded","id":"/providers/Microsoft.PowerApps/apis/shared_sharepointonline","tier":"NotSpecified"}},"flowFailureAlertSubscribed":false}}