{"schemaVersion":"1.0","appDefinitionTemplate":{"id":"/providers/Microsoft.PowerApps/apps/","type":"Microsoft.PowerApps/apps","tags":{"primaryDeviceWidth":"1366","primaryDeviceHeight":"768","sienaVersion":"20200415T122832Z-3.20023.8.0","deviceCapabilities":"","supportsPortrait":"false","supportsLandscape":"true","primaryFormFactor":"Tablet","publisherVersion":"3.20023.8","minimumRequiredApiVersion":"2.2.0","hasComponent":"false","hasUnlockedComponent":"false"},"properties":{"appVersion":"2020-04-15T12:28:32Z","lifeCycleId":"Published","createdByClientVersion":{"major":3,"minor":20023,"build":8,"revision":0,"majorRevision":0,"minorRevision":0},"minClientVersion":{"major":3,"minor":20023,"build":8,"revision":0,"majorRevision":0,"minorRevision":0},"backgroundColor":"rgba(1, 60, 96, 1)","backgroundImageUri":"/4821038314069087063/Nf9a3acdf-92de-4373-a825-9063cb7611b9-logoSmallFile","displayName":"Patient Join","description":"","commitMessage":"","appUris":{"documentUri":{"value":"/4821038314069087063/Na8b3a711-abec-45aa-b749-56ef83b36c97-document.msapp","readonlyValue":"/4821038314069087063/Na8b3a711-abec-45aa-b749-56ef83b36c97-document.msapp"},"imageUris":[]},"createdTime":"0001-01-01T00:00:00Z","lastModifiedTime":"0001-01-01T00:00:00Z","sharedGroupsCount":0,"sharedUsersCount":0,"icons":{"smallIconUri":"/4821038314069087063/N59de0848-c2e5-41bb-bd0f-1889384d3307-small.png","mediumIconUri":"/4821038314069087063/N093720b4-3181-4e11-9407-1aee333ad722-medium.png","largeIconUri":"/4821038314069087063/Na3d7fefd-4c77-472d-a2d9-5e397daf3740-large.png","wideIconUri":"/4821038314069087063/N916ac8ec-ec09-4680-8b0d-524e5bf8bb87-wide.png"},"connectionReferences":{"466f8a79-2953-41f2-b0c6-ed3a29422e5e":{"id":"2024f440-fa6e-46bc-ba42-8fd40a26c1c2","displayName":"SharePoint","iconUri":"https://connectoricons-prod.azureedge.net/sharepointonline/icon_1.0.1329.1953.png","dataSources":["Virtual Rounding"],"dependencies":[],"dependents":["088832c1-f4b6-4d71-95be-fd29f56ee2a3"],"parameterHints":{},"isOnPremiseConnection":false,"bypassConsent":false,"dataSets":{"https://smartterhealth.sharepoint.com/sites/VirtualRounding":{"dataSources":{"Virtual Rounding":{"tableName":"743e904c-6938-4d12-a184-1bc3580feb2d"}}}},"apiTier":"Standard","isCustomApiConnection":false},"088832c1-f4b6-4d71-95be-fd29f56ee2a3":{"id":"78548b44-d721-47d9-8750-02285c8acdea","displayName":"Logic flows","iconUri":"https://resourcestackdeploy.blob.core.windows.net/scripts/13276078.png","dataSources":["ShareMeetingLink"],"dependencies":["466f8a79-2953-41f2-b0c6-ed3a29422e5e","3864d1d2-00c7-4bc6-97fc-7ba6040ebce0"],"dependents":[],"parameterHints":{"workflowName":{"value":"a4522fed-8e66-4d72-bd80-44d820c2dbee"},"466f8a79-2953-41f2-b0c6-ed3a29422e5e":{"value":"shared_sharepointonline"},"3864d1d2-00c7-4bc6-97fc-7ba6040ebce0":{"value":"shared_sendmail"}},"isOnPremiseConnection":false,"bypassConsent":false,"dataSets":{},"apiTier":"Standard","isCustomApiConnection":false},"3864d1d2-00c7-4bc6-97fc-7ba6040ebce0":{"id":"dc53d92d-5690-4c79-b70e-2ca048da3501","displayName":"Mail","iconUri":"https://connectoricons-prod.azureedge.net/sendmail/icon_1.0.1308.1899.png","dataSources":[],"dependencies":[],"dependents":["088832c1-f4b6-4d71-95be-fd29f56ee2a3"],"parameterHints":{},"isOnPremiseConnection":false,"bypassConsent":false,"dataSets":{},"apiTier":"Standard","isCustomApiConnection":false}},"databaseReferences":{},"almMode":"Environment","performanceOptimizationEnabled":false,"canConsumeAppPass":true},"isAppComponentLibrary":false,"appType":"ClassicCanvasApp","appComponents":[]}}