{"schemaVersion":"1.0","appDefinitionTemplate":{"id":"/providers/Microsoft.PowerApps/apps/","type":"Microsoft.PowerApps/apps","tags":{"primaryDeviceWidth":"1366","primaryDeviceHeight":"768","sienaVersion":"20200410T084315Z-3.20022.21.0","deviceCapabilities":"","supportsPortrait":"false","supportsLandscape":"true","primaryFormFactor":"Tablet","publisherVersion":"3.20022.21","minimumRequiredApiVersion":"2.2.0","hasComponent":"true","hasUnlockedComponent":"true"},"properties":{"appVersion":"2020-04-10T08:43:15Z","lifeCycleId":"Published","createdByClientVersion":{"major":3,"minor":20022,"build":21,"revision":0,"majorRevision":0,"minorRevision":0},"minClientVersion":{"major":3,"minor":20022,"build":21,"revision":0,"majorRevision":0,"minorRevision":0},"backgroundColor":"rgba(104, 101, 171, 1)","backgroundImageUri":"/2777732709857125569/N012f753c-9da1-4eda-8123-1f9fd90c9184-logoSmallFile","displayName":"Virtual Rounding Configuration","description":"","commitMessage":"","appUris":{"documentUri":{"value":"/2777732709857125569/Ncef27636-bcf9-44dd-b0d1-912562b16113-document.msapp","readonlyValue":"/2777732709857125569/Ncef27636-bcf9-44dd-b0d1-912562b16113-document.msapp"},"imageUris":[]},"createdTime":"0001-01-01T00:00:00Z","lastModifiedTime":"0001-01-01T00:00:00Z","sharedGroupsCount":0,"sharedUsersCount":0,"icons":{"smallIconUri":"/2777732709857125569/Nfaac962b-a247-4ef3-9d92-d44baf7d5686-small.png","mediumIconUri":"/2777732709857125569/N9f0b0d7d-6508-4b28-98dd-ad4474b71219-medium.png","largeIconUri":"/2777732709857125569/N22fda4ed-851c-4041-ae3d-510d72a2525c-large.png","wideIconUri":"/2777732709857125569/Nb46ea880-0d31-4338-b3e1-9d934fd1541c-wide.png"},"connectionReferences":{"7ff7773e-da1e-47d6-baf0-29761b454f9f":{"id":"2024f440-fa6e-46bc-ba42-8fd40a26c1c2","displayName":"SharePoint","iconUri":"https://connectoricons-prod.azureedge.net/sharepointonline/icon_1.0.1324.1937.png","dataSources":["Virtual Rounding"],"dependencies":[],"dependents":["a3ee24cb-16ae-43ec-835f-6d5dd2701398","681a3400-3912-45f1-9532-9e2a20eae220"],"parameterHints":{},"isOnPremiseConnection":false,"dataSets":{"https://smartterhealth.sharepoint.com/sites/VirtualRounding":{"dataSources":{"Virtual Rounding":{"tableName":"743e904c-6938-4d12-a184-1bc3580feb2d"}}}},"apiTier":"Standard","isCustomApiConnection":false},"a3ee24cb-16ae-43ec-835f-6d5dd2701398":{"id":"78548b44-d721-47d9-8750-02285c8acdea","displayName":"Logic flows","iconUri":"https://resourcestackdeploy.blob.core.windows.net/scripts/13276078.png","dataSources":["SharetoFamily(fromPowerApp)"],"dependencies":["e6fbfc46-04ab-4f3a-a1df-bd08ada8c2ec","7ff7773e-da1e-47d6-baf0-29761b454f9f"],"dependents":[],"parameterHints":{"workflowName":{"value":"e61d962c-f24f-4200-8797-512fd5b03668"},"e6fbfc46-04ab-4f3a-a1df-bd08ada8c2ec":{"value":"shared_sendmail"},"7ff7773e-da1e-47d6-baf0-29761b454f9f":{"value":"shared_sharepointonline"}},"isOnPremiseConnection":false,"dataSets":{},"apiTier":"Standard","isCustomApiConnection":false},"e6fbfc46-04ab-4f3a-a1df-bd08ada8c2ec":{"id":"dc53d92d-5690-4c79-b70e-2ca048da3501","displayName":"Mail","iconUri":"https://connectoricons-prod.azureedge.net/sendmail/icon_1.0.1308.1899.png","dataSources":[],"dependencies":[],"dependents":["a3ee24cb-16ae-43ec-835f-6d5dd2701398"],"parameterHints":{},"isOnPremiseConnection":false,"dataSets":{},"apiTier":"Standard","isCustomApiConnection":false},"681a3400-3912-45f1-9532-9e2a20eae220":{"id":"78548b44-d721-47d9-8750-02285c8acdea","displayName":"Logic flows","iconUri":"https://resourcestackdeploy.blob.core.windows.net/scripts/13276078.png","dataSources":["ResetMeetingLink"],"dependencies":["7ff7773e-da1e-47d6-baf0-29761b454f9f"],"dependents":[],"parameterHints":{"workflowName":{"value":"62fb84ef-bf11-4403-a7f1-6acfb162b20b"},"7ff7773e-da1e-47d6-baf0-29761b454f9f":{"value":"shared_sharepointonline"}},"isOnPremiseConnection":false,"dataSets":{},"apiTier":"Standard","isCustomApiConnection":false}},"databaseReferences":{},"almMode":"Environment","performanceOptimizationEnabled":false,"canConsumeAppPass":true},"isAppComponentLibrary":false,"appType":"ClassicCanvasApp","appComponents":[]}}