{"schemaVersion":"1.0","appDefinitionTemplate":{"id":"/providers/Microsoft.PowerApps/apps/","type":"Microsoft.PowerApps/apps","tags":{"primaryDeviceWidth":"1366","primaryDeviceHeight":"768","sienaVersion":"20200429T035353Z-3.20023.8.0","deviceCapabilities":"","supportsPortrait":"false","supportsLandscape":"true","primaryFormFactor":"Tablet","publisherVersion":"3.20023.8","minimumRequiredApiVersion":"2.2.0","hasComponent":"false","hasUnlockedComponent":"false"},"properties":{"appVersion":"2020-04-29T03:53:53Z","lifeCycleId":"Published","createdByClientVersion":{"major":3,"minor":20023,"build":8,"revision":0,"majorRevision":0,"minorRevision":0},"minClientVersion":{"major":3,"minor":20023,"build":8,"revision":0,"majorRevision":0,"minorRevision":0},"backgroundColor":"rgba(1, 60, 96, 1)","backgroundImageUri":"/7512566229038259776/Ncc579805-1ccb-4f66-83f6-98bbaaeeb845-logoSmallFile","displayName":"Patient Join","description":"","commitMessage":"","appUris":{"documentUri":{"value":"/7512566229038259776/N17458210-3702-435a-80b4-f8864609b6cb-document.msapp","readonlyValue":"/7512566229038259776/N17458210-3702-435a-80b4-f8864609b6cb-document.msapp"},"imageUris":[]},"createdTime":"0001-01-01T00:00:00Z","lastModifiedTime":"0001-01-01T00:00:00Z","sharedGroupsCount":0,"sharedUsersCount":0,"icons":{"smallIconUri":"/7512566229038259776/N9e37f2b3-a9e7-4c29-81ef-ce6de0be3d0d-small.png","mediumIconUri":"/7512566229038259776/Na2515bc2-0dc6-4f1c-b5dc-b00bd471f29f-medium.png","largeIconUri":"/7512566229038259776/N2fdd7220-8477-4fc0-aeca-1a62b8df1f5c-large.png","wideIconUri":"/7512566229038259776/N3043b98e-dc72-4398-a059-6c371b0ee6c5-wide.png"},"connectionReferences":{"466f8a79-2953-41f2-b0c6-ed3a29422e5e":{"id":"95c56de1-69bf-4aca-b792-10f4d862b97b","displayName":"SharePoint","iconUri":"https://connectoricons-prod.azureedge.net/sharepointonline/icon_1.0.1329.1953.png","dataSources":["Virtual Rounding"],"dependencies":[],"dependents":["a651ef7e-c49b-4917-8f2e-92f5d657292c"],"parameterHints":{},"isOnPremiseConnection":false,"bypassConsent":false,"dataSets":{"https://fritzium.sharepoint.com/sites/VirtualRounding":{"dataSources":{"Virtual Rounding":{"tableName":"67801168-19e7-4a74-b16d-fb3da2bc6e8a"}}}},"apiTier":"Standard","isCustomApiConnection":false},"a651ef7e-c49b-4917-8f2e-92f5d657292c":{"id":"35b192fa-ef19-47f7-baa5-37a3c8cf3286","displayName":"Logic flows","iconUri":"https://resourcestackdeploy.blob.core.windows.net/scripts/13276078.png","dataSources":["ShareMeetingLink"],"dependencies":["466f8a79-2953-41f2-b0c6-ed3a29422e5e","22dbd45e-e638-4d85-bcef-8e8620a3f87a"],"dependents":[],"parameterHints":{"workflowName":{"value":"b96b88ff-ecc0-48bc-8ef7-df079f5dd49b"},"466f8a79-2953-41f2-b0c6-ed3a29422e5e":{"value":"shared_sharepointonline"},"22dbd45e-e638-4d85-bcef-8e8620a3f87a":{"value":"shared_sendmail"}},"isOnPremiseConnection":false,"bypassConsent":false,"dataSets":{},"apiTier":"Standard","isCustomApiConnection":false},"22dbd45e-e638-4d85-bcef-8e8620a3f87a":{"id":"69e6abbc-82e3-46c0-9195-afdc2ae2aa68","displayName":"Mail","iconUri":"https://connectoricons-prod.azureedge.net/sendmail/icon_1.0.1308.1899.png","dataSources":[],"dependencies":[],"dependents":["a651ef7e-c49b-4917-8f2e-92f5d657292c"],"parameterHints":{},"isOnPremiseConnection":false,"bypassConsent":false,"dataSets":{},"apiTier":"Standard","isCustomApiConnection":false}},"databaseReferences":{},"almMode":"Environment","performanceOptimizationEnabled":false,"canConsumeAppPass":true},"isAppComponentLibrary":false,"appType":"ClassicCanvasApp","appComponents":[]}}