{"name":"5f56756e-fd2d-4417-907a-19a2412c3740","id":"/providers/Microsoft.Flow/flows/5f56756e-fd2d-4417-907a-19a2412c3740","type":"Microsoft.Flow/flows","properties":{"apiId":"/providers/Microsoft.PowerApps/apis/shared_logicflows","displayName":"Setup Room Meetings v2 - 2","definition":{"metadata":{"workflowEntityId":null,"creator":{"id":"ac2ea2ab-9845-4308-a99c-8fdc6548ceac","type":"User","tenantId":"6be58f7f-c45d-43f9-89e4-b97ec2a06d8e"},"provisioningMethod":"FromDefinition","failureAlertSubscription":true,"clientLastModifiedTime":"2020-04-14T08:04:16.8362484Z"},"$schema":"https://schema.management.azure.com/providers/Microsoft.Logic/schemas/2016-06-01/workflowdefinition.json#","contentVersion":"1.0.0.0","parameters":{"$connections":{"defaultValue":{},"type":"Object"},"$authentication":{"defaultValue":{},"type":"SecureObject"}},"triggers":{"manual":{"type":"Request","kind":"Button","inputs":{"schema":{"type":"object","properties":{},"required":[]}}}},"actions":{"Get_group_members":{"runAfter":{"Get_Future_Date_(based_on_days_out_set)_[Do_not_modify]":["Succeeded"]},"metadata":{"flowSystemMetadata":{"swaggerOperationId":"GetGroupMembers"}},"type":"ApiConnection","inputs":{"host":{"connection":{"name":"@json(decodeBase64(triggerOutputs().headers['X-MS-APIM-Tokens']))['$connections']['shared_azuread']['connectionId']"},"api":{"runtimeUrl":"https://flow-apim-msmanaged-na-eastus2-01.azure-apim.net/apim/azuread"}},"method":"get","path":"/v1.0/groups/@{encodeURIComponent(variables('GroupID'))}/members","authentication":{"type":"Raw","value":"@json(decodeBase64(triggerOutputs().headers['X-MS-APIM-Tokens']))['$ConnectionKey']"}},"description":"Use the Group ID from Azure AD of the Group you used in CreateRooms.ps1"},"Apply_to_each":{"foreach":"@body('Get_group_members')?['value']","actions":{"Create_SharePoint_List_Item":{"runAfter":{"Parse_Calendar_Event_Info":["Succeeded"]},"metadata":{"flowSystemMetadata":{"swaggerOperationId":"PostItem"}},"type":"ApiConnection","inputs":{"host":{"connection":{"name":"@json(decodeBase64(triggerOutputs().headers['X-MS-APIM-Tokens']))['$connections']['shared_sharepointonline']['connectionId']"},"api":{"runtimeUrl":"https://flow-apim-msmanaged-na-westus2-01.azure-apim.net/apim/sharepointonline"}},"method":"post","body":{"Title":"@body('Get_user_profile_(V2)')?['displayName']","RoomLocation":"@body('Get_user_profile_(V2)')?['department']","RoomSubLocation":"@body('Get_user_profile_(V2)')?['jobTitle']","MeetingLink":"@body('Parse_Teams_Meeting_Info')?['joinUrl']","EventID":"@body('Parse_Calendar_Event_Info')?['id']"},"path":"/datasets/@{encodeURIComponent(encodeURIComponent(variables('SPO_Url')))}/tables/@{encodeURIComponent(encodeURIComponent(variables('SPO_List')))}/items","authentication":{"type":"Raw","value":"@json(decodeBase64(triggerOutputs().headers['X-MS-APIM-Tokens']))['$ConnectionKey']"}}},"Create_Calendar_Event":{"runAfter":{"Parse_Teams_Meeting_Info":["Succeeded"]},"type":"Http","inputs":{"method":"POST","uri":"https://graph.microsoft.com/beta/users/@{items('Apply_to_each')?['userPrincipalName']}/calendar/events","body":{"subject":"@{items('Apply_to_each')?['displayName']}","body":{"contentType":"HTML","content":"<p><a href='@{body('Parse_Teams_Meeting_Info')?['joinUrl']}'><span style='font-size: 24px'><strong>Join Microsoft Teams Meeting</strong></span></a></p>"},"start":{"dateTime":"@{variables('Date')}T00:00:00","timeZone":"@{variables('TimeZone')}"},"end":{"dateTime":"@{variables('futureDate')}T00:00:00","timeZone":"@{variables('TimeZone')}"},"onlineMeetingUrl":"@{body('Parse_Teams_Meeting_Info')?['joinUrl']}","location":{"displayName":"Microsoft Teams Meeting"}},"authentication":{"type":"ActiveDirectoryOAuth","authority":"https://login.microsoft.com","tenant":"@variables('directoryID')","audience":"https://graph.microsoft.com","clientId":"@variables('applicationID')","secret":"@variables('clientSecret')"}}},"Parse_Teams_Meeting_Info":{"runAfter":{"Create_Teams_Meeting_Link":["Succeeded"]},"type":"ParseJson","inputs":{"content":"@body('Create_Teams_Meeting_Link')","schema":{"type":"object","properties":{"@@odata.context":{"type":"string"},"id":{"type":"string"},"creationDateTime":{"type":"string"},"startDateTime":{"type":"string"},"endDateTime":{"type":"string"},"joinUrl":{"type":"string"},"joinWebUrl":{"type":"string"},"subject":{"type":"string"},"isBroadcast":{"type":"boolean"},"autoAdmittedUsers":{"type":"string"},"outerMeetingAutoAdmittedUsers":{},"capabilities":{"type":"array"},"videoTeleconferenceId":{},"externalId":{},"audioConferencing":{},"meetingInfo":{},"participants":{"type":"object","properties":{"organizer":{"type":"object","properties":{"upn":{"type":"string"},"identity":{"type":"object","properties":{"phone":{},"guest":{},"encrypted":{},"onPremises":{},"applicationInstance":{},"application":{},"device":{},"user":{"type":"object","properties":{"id":{"type":"string"},"displayName":{},"tenantId":{"type":"string"},"identityProvider":{"type":"string"}}}}}}},"attendees":{"type":"array"},"producers":{"type":"array"},"contributors":{"type":"array"}}},"chatInfo":{"type":"object","properties":{"threadId":{"type":"string"},"messageId":{"type":"string"},"replyChainMessageId":{}}},"joinInformation":{"type":"object","properties":{"content":{"type":"string"},"contentType":{"type":"string"}}}}}}},"Parse_Calendar_Event_Info":{"runAfter":{"Create_Calendar_Event":["Succeeded"]},"type":"ParseJson","inputs":{"content":"@body('Create_Calendar_Event')","schema":{"type":"object","properties":{"@@odata.context":{"type":"string"},"@@odata.etag":{"type":"string"},"id":{"type":"string"},"createdDateTime":{"type":"string"},"lastModifiedDateTime":{"type":"string"},"changeKey":{"type":"string"},"categories":{"type":"array"},"transactionId":{},"originalStartTimeZone":{"type":"string"},"originalEndTimeZone":{"type":"string"},"uid":{"type":"string"},"reminderMinutesBeforeStart":{"type":"integer"},"isReminderOn":{"type":"boolean"},"hasAttachments":{"type":"boolean"},"subject":{"type":"string"},"bodyPreview":{"type":"string"},"importance":{"type":"string"},"sensitivity":{"type":"string"},"isAllDay":{"type":"boolean"},"isCancelled":{"type":"boolean"},"isOrganizer":{"type":"boolean"},"responseRequested":{"type":"boolean"},"seriesMasterId":{},"showAs":{"type":"string"},"type":{"type":"string"},"webLink":{"type":"string"},"onlineMeetingUrl":{},"isOnlineMeeting":{"type":"boolean"},"onlineMeetingProvider":{"type":"string"},"allowNewTimeProposals":{"type":"boolean"},"isDraft":{"type":"boolean"},"recurrence":{},"onlineMeeting":{},"responseStatus":{"type":"object","properties":{"response":{"type":"string"},"time":{"type":"string"}}},"body":{"type":"object","properties":{"contentType":{"type":"string"},"content":{"type":"string"}}},"start":{"type":"object","properties":{"dateTime":{"type":"string"},"timeZone":{"type":"string"}}},"end":{"type":"object","properties":{"dateTime":{"type":"string"},"timeZone":{"type":"string"}}},"location":{"type":"object","properties":{"displayName":{"type":"string"},"locationType":{"type":"string"},"uniqueIdType":{"type":"string"},"address":{"type":"object","properties":{"type":{"type":"string"}}},"coordinates":{"type":"object","properties":{}}}},"locations":{"type":"array"},"attendees":{"type":"array"},"organizer":{"type":"object","properties":{"emailAddress":{"type":"object","properties":{"name":{"type":"string"},"address":{"type":"string"}}}}}}}}},"Get_user_profile_(V2)":{"runAfter":{},"metadata":{"flowSystemMetadata":{"swaggerOperationId":"UserProfile_V2"}},"type":"ApiConnection","inputs":{"host":{"connection":{"name":"@json(decodeBase64(triggerOutputs().headers['X-MS-APIM-Tokens']))['$connections']['shared_office365users']['connectionId']"},"api":{"runtimeUrl":"https://flow-apim-msmanaged-na-northcentralus-01.azure-apim.net/apim/office365users"}},"method":"get","path":"/codeless/v1.0/users/@{encodeURIComponent(items('Apply_to_each')?['userPrincipalName'])}","authentication":{"type":"Raw","value":"@json(decodeBase64(triggerOutputs().headers['X-MS-APIM-Tokens']))['$ConnectionKey']"}}},"Create_Teams_Meeting_Link":{"runAfter":{"Get_user_profile_(V2)":["Succeeded"]},"type":"Http","inputs":{"method":"POST","uri":"https://graph.microsoft.com/beta/app/onlinemeetings","body":{"startDateTime":"@{utcNow()}","endDateTime":"@{addDays(utcNow(),variables('daysOut'))}","subject":"@{items('Apply_to_each')?['displayName']}","participants":{"organizer":{"identity":{"user":{"id":"@{body('Get_user_profile_(V2)')?['id']}"}}}}},"authentication":{"type":"ActiveDirectoryOAuth","authority":"https://login.microsoft.com","tenant":"@variables('directoryID')","audience":"https://graph.microsoft.com","clientId":"@variables('applicationID')","secret":"@variables('clientSecret')"}}}},"runAfter":{"Get_group_members":["Succeeded"]},"type":"Foreach"},"Get_Current_Date_[do_not_modify]":{"runAfter":{"Set_how_many_days_out_these_meetings_should_last":["Succeeded"]},"type":"InitializeVariable","inputs":{"variables":[{"name":"Date","type":"string","value":"@{addHours(utcNow(),variables('UTCdiff'),'yyyy')}-@{addHours(utcNow(),variables('UTCdiff'),'MM')}-@{addHours(utcNow(),variables('UTCdiff'),'dd')}"}]}},"Set_Hours_off_of_UTC_(time_zone)":{"runAfter":{"Set_Master_SharePoint_List_Name":["Succeeded"]},"type":"InitializeVariable","inputs":{"variables":[{"name":"UTCdiff","type":"integer","value":-5}]}},"Get_Future_Date_(based_on_days_out_set)_[Do_not_modify]":{"runAfter":{"Get_Current_Date_[do_not_modify]":["Succeeded"]},"type":"InitializeVariable","inputs":{"variables":[{"name":"futureDate","type":"string","value":"@{addDays(addHours(utcNow(),variables('UTCdiff')),variables('daysOut'),'yyyy')}-@{addDays(addHours(utcNow(),variables('UTCdiff')),variables('daysOut'),'MM')}-@{addDays(addHours(utcNow(),variables('UTCdiff')),variables('daysOut'),'dd')}"}]}},"Set_how_many_days_out_these_meetings_should_last":{"runAfter":{"Set_Time_Zone":["Succeeded"]},"type":"InitializeVariable","inputs":{"variables":[{"name":"daysOut","type":"integer","value":150}]},"description":"Meeting links will need to be updated after this amount of days expires"},"Set_Time_Zone":{"runAfter":{"Set_Hours_off_of_UTC_(time_zone)":["Succeeded"]},"type":"InitializeVariable","inputs":{"variables":[{"name":"TimeZone","type":"string","value":"Central Standard Time"}]},"description":"Use full name as recognized by Exchange. (example: Eastern Standard Time)"},"Set_Client_Secret":{"runAfter":{},"type":"InitializeVariable","inputs":{"variables":[{"name":"clientSecret","type":"string"}]},"description":"Enter your Client Secret from your App Registration"},"Set_Application_ID":{"runAfter":{"Set_Client_Secret":["Succeeded"]},"type":"InitializeVariable","inputs":{"variables":[{"name":"applicationID","type":"string","value":"1d456fdc-9e5e-4df7-85cc-1fd2952f6f77"}]},"description":"Enter your Application ID from your App Registration"},"Set_Directory_ID":{"runAfter":{"Set_Application_ID":["Succeeded"]},"type":"InitializeVariable","inputs":{"variables":[{"name":"directoryID","type":"string","value":"d226d6a8-ef38-4714-a370-e84223faf53b"}]},"description":"Enter your Directory ID from your App Registration"},"Set_Room_Accounts_Group_ID":{"runAfter":{"Set_Directory_ID":["Succeeded"]},"type":"InitializeVariable","inputs":{"variables":[{"name":"GroupID","type":"string"}]},"description":"Use the ID (found in Azure AD Admin Center) of the group that contains all the patient room accounts (used in your scripts)."},"Set_Master_SharePoint_Site_Url":{"runAfter":{"Set_Room_Accounts_Group_ID":["Succeeded"]},"type":"InitializeVariable","inputs":{"variables":[{"name":"SPO_Url","type":"boolean"}]},"description":"Url of the site created in SetupSPO.ps1"},"Set_Master_SharePoint_List_Name":{"runAfter":{"Set_Master_SharePoint_Site_Url":["Succeeded"]},"type":"InitializeVariable","inputs":{"variables":[{"name":"SPO_List","type":"string"}]},"description":"Name of the list created in SetupSPO.ps1"}}},"connectionReferences":{"shared_azuread":{"connectionName":"shared-azuread-e6841d02-2b14-4c42-bc7e-0b6a3ab6c7c3","source":"Embedded","id":"/providers/Microsoft.PowerApps/apis/shared_azuread","tier":"NotSpecified"},"shared_sharepointonline":{"connectionName":"1f76b68a18fd414a80ab7d674a201472","source":"Invoker","id":"/providers/Microsoft.PowerApps/apis/shared_sharepointonline","tier":"NotSpecified"},"shared_office365users":{"connectionName":"shared-office365user-ed3292a5-4e3d-4157-b7da-4a944b94d64c","source":"Invoker","id":"/providers/Microsoft.PowerApps/apis/shared_office365users","tier":"NotSpecified"}},"flowFailureAlertSubscribed":false}}