{"schemaVersion":"1.0","appDefinitionTemplate":{"id":"/providers/Microsoft.PowerApps/apps/","type":"Microsoft.PowerApps/apps","tags":{"primaryDeviceWidth":"1366","primaryDeviceHeight":"768","sienaVersion":"20200414T060554Z-3.20023.8.0","deviceCapabilities":"","supportsPortrait":"false","supportsLandscape":"true","primaryFormFactor":"Tablet","publisherVersion":"3.20023.8","minimumRequiredApiVersion":"2.2.0","hasComponent":"false","hasUnlockedComponent":"false"},"properties":{"appVersion":"2020-04-14T06:05:54Z","lifeCycleId":"Published","createdByClientVersion":{"major":3,"minor":20023,"build":8,"revision":0,"majorRevision":0,"minorRevision":0},"minClientVersion":{"major":3,"minor":20023,"build":8,"revision":0,"majorRevision":0,"minorRevision":0},"backgroundColor":"rgba(1, 60, 96, 1)","backgroundImageUri":"/4821038314069087063/Nfeccd254-9217-4c31-ba79-4d405c69cc61-logoSmallFile","displayName":"Patient Join","description":"","commitMessage":"","appUris":{"documentUri":{"value":"/4821038314069087063/N80af8451-5b49-430a-8466-e4c84c420626-document.msapp","readonlyValue":"/4821038314069087063/N80af8451-5b49-430a-8466-e4c84c420626-document.msapp"},"imageUris":[]},"createdTime":"0001-01-01T00:00:00Z","lastModifiedTime":"0001-01-01T00:00:00Z","sharedGroupsCount":0,"sharedUsersCount":0,"icons":{"smallIconUri":"/4821038314069087063/N5b0655f3-5c70-4eb8-94ce-1f4e1a1ea191-small.png","mediumIconUri":"/4821038314069087063/Nddaf359e-4028-48c0-8cb1-5d549dcd45ee-medium.png","largeIconUri":"/4821038314069087063/Na54e552b-5ad2-4eac-a0c6-819a4b067c50-large.png","wideIconUri":"/4821038314069087063/N17326af4-6603-4b12-aad9-d782da73751b-wide.png"},"connectionReferences":{"466f8a79-2953-41f2-b0c6-ed3a29422e5e":{"id":"2024f440-fa6e-46bc-ba42-8fd40a26c1c2","displayName":"SharePoint","iconUri":"https://connectoricons-prod.azureedge.net/sharepointonline/icon_1.0.1329.1953.png","dataSources":["Virtual Rounding"],"dependencies":[],"dependents":["22561b34-bd12-4e10-b567-249c83ec4fbe"],"parameterHints":{},"isOnPremiseConnection":false,"bypassConsent":false,"dataSets":{"https://smartterhealth.sharepoint.com/sites/VirtualRounding":{"dataSources":{"Virtual Rounding":{"tableName":"743e904c-6938-4d12-a184-1bc3580feb2d"}}}},"apiTier":"Standard","isCustomApiConnection":false},"22561b34-bd12-4e10-b567-249c83ec4fbe":{"id":"78548b44-d721-47d9-8750-02285c8acdea","displayName":"Logic flows","iconUri":"https://resourcestackdeploy.blob.core.windows.net/scripts/13276078.png","dataSources":["SharetoFamily(fromPowerApp)"],"dependencies":["b0ed868b-0607-4a84-a457-ad16a5691c84","466f8a79-2953-41f2-b0c6-ed3a29422e5e"],"dependents":[],"parameterHints":{"workflowName":{"value":"e61d962c-f24f-4200-8797-512fd5b03668"},"b0ed868b-0607-4a84-a457-ad16a5691c84":{"value":"shared_sendmail"},"466f8a79-2953-41f2-b0c6-ed3a29422e5e":{"value":"shared_sharepointonline"}},"isOnPremiseConnection":false,"bypassConsent":false,"dataSets":{},"apiTier":"Standard","isCustomApiConnection":false},"b0ed868b-0607-4a84-a457-ad16a5691c84":{"id":"dc53d92d-5690-4c79-b70e-2ca048da3501","displayName":"Mail","iconUri":"https://connectoricons-prod.azureedge.net/sendmail/icon_1.0.1308.1899.png","dataSources":[],"dependencies":[],"dependents":["22561b34-bd12-4e10-b567-249c83ec4fbe"],"parameterHints":{},"isOnPremiseConnection":false,"bypassConsent":false,"dataSets":{},"apiTier":"Standard","isCustomApiConnection":false}},"databaseReferences":{},"almMode":"Environment","performanceOptimizationEnabled":false,"canConsumeAppPass":true},"isAppComponentLibrary":false,"appType":"ClassicCanvasApp","appComponents":[]}}